review_id,purchase_id,customer_id,product_id,rating,content,written_at
R0001,O0001,C001,P131,3,기대가 컸나 봐요. 건성인데 자극 없이 잘 썼어요.,2025-12-26
R0002,O0002,C001,P106,4,고민하다 샀는데 잘 산 것 같아요. 겉돌던 게 없어졌다는 게 느껴져요.,2026-07-09
R0003,O0003,C002,P095,5,고민하다 샀는데 잘 산 것 같아요. 향이 세지 않아서 좋아요.,2025-08-07
R0004,O0004,C002,P058,5,친구가 좋다고 해서 샀는데 만족해요. 건성인데 자극 없이 잘 썼어요.,2025-10-29
R0005,O0005,C002,P038,5,친구가 좋다고 해서 샀는데 만족해요. 눈가가 덜 접힌다는 게 느껴져요.,2026-01-19
R0006,O0006,C003,P196,2,환불 고민 중입니다. 생각보다 끈적여서 아침엔 못 쓰겠어요.,2025-09-26
R0007,O0007,C003,P040,5,친구가 좋다고 해서 샀는데 만족해요. 겉돌던 게 없어졌다는 게 느껴져요.,2025-10-24
R0008,O0008,C003,P058,5,고민하다 샀는데 잘 산 것 같아요. 향이 세지 않아서 좋아요.,2026-03-10
R0009,O0009,C003,P068,5,샘플 써보고 본품 구매했어요. 탱탱한 느낌이 오래간다는 게 느껴져요.,2026-05-30
R0010,O0010,C004,P179,5,재구매입니다. 결이 정돈된 느낌이 든다는 게 느껴져요. 천안 사는 권보민입니다. 배송 빨랐어요.,2025-07-20
R0011,O0011,C004,P166,5,재구매입니다. 녹차 들어간 거 찾다가 샀는데 만족합니다. 샘플 문의는 bomin54@example.com 로 주세요.,2025-07-20
R0012,O0012,C004,P184,2,광고를 너무 믿었나 봐요. 중성이라 그런지 발랐더니 조금 따가웠어요.,2025-08-15
R0013,O0013,C004,P133,3,기대가 컸나 봐요. 중성인데 자극 없이 잘 썼어요. 천안 일산동 사는데 근처 매장에도 있더라고요.,2025-08-28
R0014,O0014,C004,P045,4,고민하다 샀는데 잘 산 것 같아요. 비타민C 들어간 거 찾다가 샀는데 만족합니다.,2025-09-30
R0015,O0015,C004,P035,4,고민하다 샀는데 잘 산 것 같아요. 촉촉하게 감싸는 제형이라 아침에 쓰기 좋아요. 저는 권보민인데 벌써 세 번째 재구매예요.,2026-01-02
R0016,O0016,C004,P090,3,가격 생각하면 이 정도는 하는 것 같아요. 중성인데 자극 없이 잘 썼어요. 궁금하신 분은 010-7600-2955으로 문자주세요.,2026-01-05
R0017,O0017,C004,P071,5,친구가 좋다고 해서 샀는데 만족해요. 가볍게 스미는 제형이라 아침에 쓰기 좋아요. 천안 사는 권보민입니다. 배송 빨랐어요.,2026-02-18
R0018,O0018,C005,P032,3,기대가 컸나 봐요. 산뜻한 제형이라 아침에 쓰기 좋아요. 재고 문의는 010 8202 9049 로 부탁드려요.,2025-07-17
R0019,O0019,C005,P175,2,광고를 너무 믿었나 봐요. 향이 저한테는 좀 강했어요.,2025-09-21
R0020,O0020,C005,P139,1,광고를 너무 믿었나 봐요. 중성이라 그런지 발랐더니 조금 따가웠어요. 재고 문의는 010 8202 9049 로 부탁드려요.,2026-01-04
R0021,O0021,C005,P123,5,"친구가 좋다고 해서 샀는데 만족해요. 녹차 들어간 거 찾다가 샀는데 만족합니다. 이은수이라고 하고요, 매장 직원분이 친절했어요.",2026-07-02
R0022,O0022,C005,P141,5,샘플 써보고 본품 구매했어요. 중성인데 자극 없이 잘 썼어요.,2026-07-24
R0023,O0023,C006,P183,2,다음엔 다른 거 살 것 같아요. 용량 대비 가격이 아쉬워요. 이다은님이 추천해줘서 샀어요.,2025-07-10
R0024,O0024,C006,P048,3,기대가 컸나 봐요. 눈가가 덜 접힌다는 게 느껴져요.,2025-08-16
R0025,O0025,C006,P064,4,재구매입니다. 중성인데 자극 없이 잘 썼어요. 광주 사는 이혜원입니다. 배송 빨랐어요.,2025-09-28
R0026,O0026,C006,P144,4,재구매입니다. 탱탱한 느낌이 오래간다는 게 느껴져요.,2025-10-17
R0027,O0027,C006,P051,5,재구매입니다. 향이 세지 않아서 좋아요.,2025-11-02
R0028,O0028,C006,P197,5,샘플 써보고 본품 구매했어요. 눈가가 덜 접힌다는 게 느껴져요.,2025-12-22
R0029,O0029,C006,P141,5,샘플 써보고 본품 구매했어요. 향이 세지 않아서 좋아요. 샘플 문의는 hyewon2@example.com 로 주세요.,2026-01-04
R0030,O0030,C006,P061,5,"재구매입니다. 산뜻한 제형이라 아침에 쓰기 좋아요. 이혜원이라고 하고요, 매장 직원분이 친절했어요.",2026-06-26
R0031,O0031,C007,P157,3,무난해요. 향이 세지 않아서 좋아요.,2025-09-16
R0032,O0032,C007,P057,4,두 통째 쓰는 중이에요. 향이 세지 않아서 좋아요.,2025-11-29
R0033,O0033,C007,P149,5,두 통째 쓰는 중이에요. 촉촉하게 감싸는 제형이라 아침에 쓰기 좋아요.,2026-05-29
R0034,O0034,C007,P140,4,고민하다 샀는데 잘 산 것 같아요. 히알루론산 들어간 거 찾다가 샀는데 만족합니다.,2026-06-07
R0035,O0035,C008,P104,5,두 통째 쓰는 중이에요. 콜라겐 들어간 거 찾다가 샀는데 만족합니다.,2025-11-06
R0036,O0036,C008,P145,4,재구매입니다. 민감성인데 자극 없이 잘 썼어요.,2025-12-19
R0037,O0037,C008,P194,5,친구가 좋다고 해서 샀는데 만족해요. 산뜻한 제형이라 아침에 쓰기 좋아요.,2026-03-26
R0038,O0038,C008,P012,5,재구매입니다. 민감성인데 자극 없이 잘 썼어요. 안준서 언니가 쓰는 거 보고 따라 샀습니다.,2026-04-09
R0039,O0039,C009,P100,4,친구가 좋다고 해서 샀는데 만족해요. 물처럼 묽은 제형이라 아침에 쓰기 좋아요.,2026-01-31
R0040,O0040,C009,P170,2,저랑은 안 맞았어요. 지성이라 그런지 발랐더니 조금 따가웠어요.,2026-07-23
R0041,O0041,C010,P082,5,재구매입니다. 녹차 들어간 거 찾다가 샀는데 만족합니다.,2025-08-15
R0042,O0042,C010,P100,1,광고를 너무 믿었나 봐요. 용량 대비 가격이 아쉬워요.,2025-09-22
R0043,O0043,C010,P118,2,환불 고민 중입니다. 얼굴이 한 톤 밝아 보인다는 잘 모르겠어요.,2025-11-25
R0044,O0044,C010,P194,5,재구매입니다. 녹차 들어간 거 찾다가 샀는데 만족합니다. 정태윤님이 추천해줘서 샀어요.,2025-12-21
R0045,O0045,C010,P089,4,샘플 써보고 본품 구매했어요. 중성인데 자극 없이 잘 썼어요. 궁금하신 분은 010-9367-6259으로 문자주세요.,2026-04-28
R0046,O0046,C010,P123,5,재구매입니다. 향이 세지 않아서 좋아요. 안지은 언니가 쓰는 거 보고 따라 샀습니다.,2026-06-27
R0047,O0047,C011,P095,2,다음엔 다른 거 살 것 같아요. 용량 대비 가격이 아쉬워요.,2025-09-29
R0048,O0048,C011,P149,3,기대가 컸나 봐요. 향이 세지 않아서 좋아요. 재고 문의는 010 9338 5764 로 부탁드려요.,2025-11-30
R0049,O0049,C011,P009,5,친구가 좋다고 해서 샀는데 만족해요. 향이 세지 않아서 좋아요.,2026-04-26
R0050,O0050,C012,P191,5,친구가 좋다고 해서 샀는데 만족해요. 산뜻한 제형이라 아침에 쓰기 좋아요.,2025-08-14
R0051,O0051,C012,P001,5,재구매입니다. 비타민C 들어간 거 찾다가 샀는데 만족합니다.,2025-10-08
R0052,O0052,C012,P058,5,두 통째 쓰는 중이에요. 눈가가 덜 접힌다는 게 느껴져요.,2026-01-11
R0053,O0053,C012,P085,3,나쁘진 않은데 특별하진 않네요. 레티놀 들어간 거 찾다가 샀는데 만족합니다. 수원 불당동 사는데 근처 매장에도 있더라고요.,2026-05-21
R0054,O0054,C012,P096,4,친구가 좋다고 해서 샀는데 만족해요. 레티놀 들어간 거 찾다가 샀는데 만족합니다.,2026-06-23
R0055,O0055,C012,P149,5,고민하다 샀는데 잘 산 것 같아요. 탱탱한 느낌이 오래간다는 게 느껴져요. 궁금하신 분은 010-2982-1557으로 문자주세요.,2026-07-15
R0056,O0056,C013,P004,2,다음엔 다른 거 살 것 같아요. 탱탱한 느낌이 오래간다는 잘 모르겠어요.,2025-09-25
R0057,O0057,C013,P136,4,친구가 좋다고 해서 샀는데 만족해요. 향이 세지 않아서 좋아요.,2025-11-06
R0058,O0058,C013,P144,4,샘플 써보고 본품 구매했어요. 산뜻한 제형이라 아침에 쓰기 좋아요.,2025-12-09
R0059,O0059,C013,P165,1,광고를 너무 믿었나 봐요. 건성이라 그런지 발랐더니 조금 따가웠어요.,2025-12-12
R0060,O0060,C013,P081,4,고민하다 샀는데 잘 산 것 같아요. 건성인데 자극 없이 잘 썼어요.,2026-03-22
R0061,O0061,C013,P119,5,"재구매입니다. 콜라겐 들어간 거 찾다가 샀는데 만족합니다. 신지아이라고 하고요, 매장 직원분이 친절했어요.",2026-05-23
R0062,O0062,C013,P067,5,고민하다 샀는데 잘 산 것 같아요. 물처럼 묽은 제형이라 아침에 쓰기 좋아요.,2026-06-10
R0063,O0063,C013,P132,4,고민하다 샀는데 잘 산 것 같아요. 콜라겐 들어간 거 찾다가 샀는데 만족합니다.,2026-07-19
R0064,O0064,C014,P142,2,광고를 너무 믿었나 봐요. 용량 대비 가격이 아쉬워요. 재고 문의는 010 2241 3537 로 부탁드려요.,2025-08-09
R0065,O0065,C014,P168,5,샘플 써보고 본품 구매했어요. 복합성인데 자극 없이 잘 썼어요.,2025-09-12
R0066,O0066,C014,P187,4,재구매입니다. 복합성인데 자극 없이 잘 썼어요. 카톡 아이디 dohyun65 입니다.,2025-10-21
R0067,O0067,C014,P055,5,친구가 좋다고 해서 샀는데 만족해요. 복합성인데 자극 없이 잘 썼어요.,2025-10-31
R0068,O0068,C014,P039,5,고민하다 샀는데 잘 산 것 같아요. 눈가가 덜 접힌다는 게 느껴져요.,2026-07-08
R0069,O0069,C015,P181,3,무난해요. 꾸덕한 제형이라 아침에 쓰기 좋아요.,2025-08-09
R0070,O0070,C015,P171,1,저랑은 안 맞았어요. 민감성이라 그런지 발랐더니 조금 따가웠어요.,2025-12-06
R0071,O0071,C015,P066,4,두 통째 쓰는 중이에요. 약산성 아미노산 들어간 거 찾다가 샀는데 만족합니다.,2026-03-15
R0072,O0072,C016,P099,5,샘플 써보고 본품 구매했어요. 향이 세지 않아서 좋아요. 고양 사는 임유진입니다. 배송 빨랐어요.,2025-08-19
R0073,O0073,C016,P062,3,기대가 컸나 봐요. 산뜻한 제형이라 아침에 쓰기 좋아요.,2025-10-03
R0074,O0074,C016,P194,5,두 통째 쓰는 중이에요. 겉돌던 게 없어졌다는 게 느껴져요.,2025-10-15
R0075,O0075,C017,P078,1,광고를 너무 믿었나 봐요. 얼굴이 한 톤 밝아 보인다는 잘 모르겠어요.,2025-10-06
R0076,O0076,C017,P158,4,샘플 써보고 본품 구매했어요. 얼굴이 한 톤 밝아 보인다는 게 느껴져요.,2026-01-03
R0077,O0077,C017,P176,4,친구가 좋다고 해서 샀는데 만족해요. 중성인데 자극 없이 잘 썼어요.,2026-01-27
R0078,O0078,C017,P121,4,고민하다 샀는데 잘 산 것 같아요. 속건조가 덜하다는 게 느껴져요.,2026-02-24
R0079,O0079,C017,P194,5,샘플 써보고 본품 구매했어요. 중성인데 자극 없이 잘 썼어요.,2026-04-11
R0080,O0080,C017,P149,5,친구가 좋다고 해서 샀는데 만족해요. 쌀겨 들어간 거 찾다가 샀는데 만족합니다. 청주 사는 안상우입니다. 배송 빨랐어요.,2026-05-28
R0081,O0081,C017,P072,3,가격 생각하면 이 정도는 하는 것 같아요. 향이 세지 않아서 좋아요.,2026-05-31
R0082,O0082,C017,P073,2,저랑은 안 맞았어요. 중성이라 그런지 발랐더니 조금 따가웠어요.,2026-07-04
R0083,O0083,C018,P155,5,샘플 써보고 본품 구매했어요. 붉은 기가 빨리 가라앉는다는 게 느껴져요. 샘플 문의는 soyul71@example.com 로 주세요.,2025-08-16
R0084,O0084,C018,P016,4,두 통째 쓰는 중이에요. 젤 같은 제형이라 아침에 쓰기 좋아요.,2025-08-24
R0085,O0085,C018,P110,4,두 통째 쓰는 중이에요. 물처럼 묽은 제형이라 아침에 쓰기 좋아요.,2026-04-15
R0086,O0086,C018,P068,5,두 통째 쓰는 중이에요. 민감성인데 자극 없이 잘 썼어요.,2026-05-25
R0087,O0087,C018,P183,1,광고를 너무 믿었나 봐요. 얼굴이 한 톤 밝아 보인다는 잘 모르겠어요.,2026-06-29
R0088,O0088,C019,P019,5,고민하다 샀는데 잘 산 것 같아요. 결이 정돈된 느낌이 든다는 게 느껴져요.,2025-09-27
R0089,O0089,C019,P124,5,고민하다 샀는데 잘 산 것 같아요. 꾸덕한 제형이라 아침에 쓰기 좋아요.,2026-02-28
R0090,O0090,C020,P140,4,재구매입니다. 가볍게 스미는 제형이라 아침에 쓰기 좋아요.,2025-11-30
R0091,O0091,C020,P033,3,"가격 생각하면 이 정도는 하는 것 같아요. 향이 세지 않아서 좋아요. 김보민이라고 하고요, 매장 직원분이 친절했어요.",2026-01-06
R0092,O0092,C020,P074,5,친구가 좋다고 해서 샀는데 만족해요. 레티놀 들어간 거 찾다가 샀는데 만족합니다.,2026-03-01
R0093,O0093,C020,P107,4,고민하다 샀는데 잘 산 것 같아요. 건성인데 자극 없이 잘 썼어요.,2026-07-18
R0094,O0094,C021,P008,3,가격 생각하면 이 정도는 하는 것 같아요. 나이아신아마이드 들어간 거 찾다가 샀는데 만족합니다. 서울 사는 박혜원입니다. 배송 빨랐어요.,2025-07-19
R0095,O0095,C021,P157,4,두 통째 쓰는 중이에요. 병풀 들어간 거 찾다가 샀는데 만족합니다.,2025-10-26
R0096,O0096,C021,P141,3,무난해요. 향이 세지 않아서 좋아요.,2026-02-19
R0097,O0097,C021,P021,5,두 통째 쓰는 중이에요. 민감성인데 자극 없이 잘 썼어요. 카톡 아이디 hyunwoo47 입니다.,2026-06-30
R0098,O0098,C022,P099,5,고민하다 샀는데 잘 산 것 같아요. 중성인데 자극 없이 잘 썼어요. 궁금하신 분은 010-5537-2579으로 문자주세요.,2025-11-06
R0099,O0099,C022,P048,5,두 통째 쓰는 중이에요. 향이 세지 않아서 좋아요.,2025-12-23
R0100,O0100,C022,P101,5,샘플 써보고 본품 구매했어요. 향이 세지 않아서 좋아요. 수원 행신동 사는데 근처 매장에도 있더라고요.,2026-05-28
R0101,O0101,C022,P139,1,다음엔 다른 거 살 것 같아요. 생각보다 끈적여서 아침엔 못 쓰겠어요.,2026-06-11
R0102,O0102,C023,P103,5,두 통째 쓰는 중이에요. 건성인데 자극 없이 잘 썼어요. 재고 문의는 010 8394 6548 로 부탁드려요.,2025-09-01
R0103,O0103,C023,P061,5,친구가 좋다고 해서 샀는데 만족해요. 향이 세지 않아서 좋아요.,2025-11-09
R0104,O0104,C023,P068,2,저랑은 안 맞았어요. 용량 대비 가격이 아쉬워요.,2026-01-19
R0105,O0105,C023,P087,3,나쁘진 않은데 특별하진 않네요. 병풀 들어간 거 찾다가 샀는데 만족합니다. 강우진 언니가 쓰는 거 보고 따라 샀습니다.,2026-04-03
R0106,O0106,C023,P074,5,두 통째 쓰는 중이에요. 꾸덕한 제형이라 아침에 쓰기 좋아요.,2026-05-30
R0107,O0107,C023,P040,5,친구가 좋다고 해서 샀는데 만족해요. 촉촉하게 감싸는 제형이라 아침에 쓰기 좋아요. 부산 상무지구 사는데 근처 매장에도 있더라고요.,2026-07-06
R0108,O0108,C024,P184,4,고민하다 샀는데 잘 산 것 같아요. 약산성 아미노산 들어간 거 찾다가 샀는데 만족합니다.,2025-07-28
R0109,O0109,C024,P171,5,고민하다 샀는데 잘 산 것 같아요. 건성인데 자극 없이 잘 썼어요. 저는 박소율인데 벌써 세 번째 재구매예요.,2025-08-19
R0110,O0110,C024,P173,1,저랑은 안 맞았어요. 향이 저한테는 좀 강했어요.,2025-12-31
R0111,O0111,C024,P155,5,친구가 좋다고 해서 샀는데 만족해요. 건성인데 자극 없이 잘 썼어요.,2026-01-01
R0112,O0112,C024,P084,5,재구매입니다. 속건조가 덜하다는 게 느껴져요.,2026-03-16
R0113,O0113,C024,P143,5,고민하다 샀는데 잘 산 것 같아요. 프로폴리스 들어간 거 찾다가 샀는데 만족합니다.,2026-03-28
R0114,O0114,C024,P133,4,두 통째 쓰는 중이에요. 얼굴이 한 톤 밝아 보인다는 게 느껴져요. 성남 수지구 사는데 근처 매장에도 있더라고요.,2026-07-23
R0115,O0115,C024,P156,5,재구매입니다. 약산성 아미노산 들어간 거 찾다가 샀는데 만족합니다. 성남 수지구 사는데 근처 매장에도 있더라고요.,2026-07-23
R0116,O0116,C025,P012,3,무난해요. 비타민C 들어간 거 찾다가 샀는데 만족합니다. 서도현 언니가 쓰는 거 보고 따라 샀습니다.,2025-09-08
R0117,O0117,C025,P060,4,샘플 써보고 본품 구매했어요. 붉은 기가 빨리 가라앉는다는 게 느껴져요.,2026-04-04
R0118,O0118,C025,P058,4,두 통째 쓰는 중이에요. 눈가가 덜 접힌다는 게 느껴져요. 카톡 아이디 hyunwoo88 입니다.,2026-08-01
R0119,O0119,C026,P032,3,기대가 컸나 봐요. 지성인데 자극 없이 잘 썼어요.,2025-07-12
R0120,O0120,C026,P143,2,광고를 너무 믿었나 봐요. 향이 저한테는 좀 강했어요. 공구 원하시면 01049078214 연락주세요.,2025-08-13
R0121,O0121,C026,P023,5,두 통째 쓰는 중이에요. 젤 같은 제형이라 아침에 쓰기 좋아요. 황유진님이 추천해줘서 샀어요.,2026-01-08
R0122,O0122,C026,P096,3,나쁘진 않은데 특별하진 않네요. 지성인데 자극 없이 잘 썼어요.,2026-01-23
R0123,O0123,C026,P102,3,나쁘진 않은데 특별하진 않네요. 향이 세지 않아서 좋아요. 재고 문의는 010 4907 8214 로 부탁드려요.,2026-03-22
R0124,O0124,C026,P008,4,두 통째 쓰는 중이에요. 지성인데 자극 없이 잘 썼어요.,2026-07-06
R0125,O0125,C027,P118,4,"친구가 좋다고 해서 샀는데 만족해요. 향이 세지 않아서 좋아요. 송나은이라고 하고요, 매장 직원분이 친절했어요.",2025-07-07
R0126,O0126,C027,P152,5,샘플 써보고 본품 구매했어요. 건성인데 자극 없이 잘 썼어요.,2025-10-14
R0127,O0127,C027,P074,4,친구가 좋다고 해서 샀는데 만족해요. 올라오던 게 덜하다는 게 느껴져요. 궁금하신 분은 010-4330-3042으로 문자주세요.,2025-10-21
R0128,O0128,C027,P089,4,친구가 좋다고 해서 샀는데 만족해요. 눈가가 덜 접힌다는 게 느껴져요.,2026-01-18
R0129,O0129,C027,P082,5,친구가 좋다고 해서 샀는데 만족해요. 녹차 들어간 거 찾다가 샀는데 만족합니다.,2026-02-01
R0130,O0130,C027,P121,4,재구매입니다. 녹차 들어간 거 찾다가 샀는데 만족합니다.,2026-02-25
R0131,O0131,C027,P122,5,재구매입니다. 건성인데 자극 없이 잘 썼어요.,2026-04-28
R0132,O0132,C027,P093,3,기대가 컸나 봐요. 콜라겐 들어간 거 찾다가 샀는데 만족합니다. 카톡 아이디 sunghyun43 입니다.,2026-06-26
R0133,O0133,C028,P031,4,두 통째 쓰는 중이에요. 가볍게 스미는 제형이라 아침에 쓰기 좋아요.,2025-07-08
R0134,O0134,C028,P179,3,무난해요. 향이 세지 않아서 좋아요.,2025-09-01
R0135,O0135,C028,P042,2,저랑은 안 맞았어요. 속건조가 덜하다는 잘 모르겠어요. 최지은님이 추천해줘서 샀어요.,2025-10-23
R0136,O0136,C028,P071,5,친구가 좋다고 해서 샀는데 만족해요. 향이 세지 않아서 좋아요.,2025-11-26
R0137,O0137,C028,P171,3,무난해요. 복합성인데 자극 없이 잘 썼어요.,2025-12-18
R0138,O0138,C028,P133,5,고민하다 샀는데 잘 산 것 같아요. 복합성인데 자극 없이 잘 썼어요. 카톡 아이디 seoyeon43 입니다.,2026-01-27
R0139,O0139,C028,P190,3,기대가 컸나 봐요. 촉촉하게 감싸는 제형이라 아침에 쓰기 좋아요. 황혜원 언니가 쓰는 거 보고 따라 샀습니다.,2026-04-22
R0140,O0140,C029,P126,4,두 통째 쓰는 중이에요. 꾸덕한 제형이라 아침에 쓰기 좋아요.,2025-11-18
R0141,O0141,C029,P083,2,환불 고민 중입니다. 탱탱한 느낌이 오래간다는 잘 모르겠어요.,2025-12-20
R0142,O0142,C029,P139,4,두 통째 쓰는 중이에요. 민감성인데 자극 없이 잘 썼어요.,2026-06-20
R0143,O0143,C030,P012,5,고민하다 샀는데 잘 산 것 같아요. 복합성인데 자극 없이 잘 썼어요.,2025-07-12
R0144,O0144,C030,P199,3,가격 생각하면 이 정도는 하는 것 같아요. 향이 세지 않아서 좋아요. 대구 불당동 사는데 근처 매장에도 있더라고요.,2025-07-28
R0145,O0145,C030,P155,5,재구매입니다. 세라마이드 들어간 거 찾다가 샀는데 만족합니다.,2025-08-18
R0146,O0146,C030,P145,4,친구가 좋다고 해서 샀는데 만족해요. 비타민C 들어간 거 찾다가 샀는데 만족합니다.,2025-09-22
R0147,O0147,C030,P085,4,친구가 좋다고 해서 샀는데 만족해요. 레티놀 들어간 거 찾다가 샀는데 만족합니다.,2026-01-14
R0148,O0148,C030,P114,4,고민하다 샀는데 잘 산 것 같아요. 향이 세지 않아서 좋아요.,2026-02-10
R0149,O0149,C031,P162,2,다음엔 다른 거 살 것 같아요. 향이 저한테는 좀 강했어요.,2025-08-20
R0150,O0150,C031,P058,5,고민하다 샀는데 잘 산 것 같아요. 눈가가 덜 접힌다는 게 느껴져요.,2025-11-04
R0151,O0151,C031,P137,5,재구매입니다. 지성인데 자극 없이 잘 썼어요.,2026-01-17
R0152,O0152,C031,P080,4,친구가 좋다고 해서 샀는데 만족해요. 가볍게 스미는 제형이라 아침에 쓰기 좋아요.,2026-01-24
R0153,O0153,C031,P024,3,무난해요. 지성인데 자극 없이 잘 썼어요.,2026-04-22
R0154,O0154,C031,P118,4,샘플 써보고 본품 구매했어요. 얼굴이 한 톤 밝아 보인다는 게 느껴져요.,2026-05-02
R0155,O0155,C031,P028,5,고민하다 샀는데 잘 산 것 같아요. 속건조가 덜하다는 게 느껴져요.,2026-05-19
R0156,O0156,C031,P012,5,고민하다 샀는데 잘 산 것 같아요. 비타민C 들어간 거 찾다가 샀는데 만족합니다.,2026-08-01
R0157,O0157,C032,P096,5,샘플 써보고 본품 구매했어요. 얼굴이 한 톤 밝아 보인다는 게 느껴져요. 카톡 아이디 yeji35 입니다.,2025-10-08
R0158,O0158,C032,P134,3,가격 생각하면 이 정도는 하는 것 같아요. 히알루론산 들어간 거 찾다가 샀는데 만족합니다.,2025-10-28
R0159,O0159,C032,P194,4,샘플 써보고 본품 구매했어요. 촉촉하게 감싸는 제형이라 아침에 쓰기 좋아요.,2025-12-16
R0160,O0160,C032,P099,5,"친구가 좋다고 해서 샀는데 만족해요. 지성인데 자극 없이 잘 썼어요. 강지은이라고 하고요, 매장 직원분이 친절했어요.",2026-06-20
R0161,O0161,C033,P144,5,친구가 좋다고 해서 샀는데 만족해요. 향이 세지 않아서 좋아요.,2025-08-04
R0162,O0162,C033,P076,5,두 통째 쓰는 중이에요. 민감성인데 자극 없이 잘 썼어요.,2025-10-20
R0163,O0163,C033,P179,5,샘플 써보고 본품 구매했어요. 민감성인데 자극 없이 잘 썼어요.,2026-02-03
R0164,O0164,C033,P082,5,샘플 써보고 본품 구매했어요. 젤 같은 제형이라 아침에 쓰기 좋아요.,2026-04-26
R0165,O0165,C033,P037,5,두 통째 쓰는 중이에요. 향이 세지 않아서 좋아요.,2026-06-24
R0166,O0166,C034,P174,3,기대가 컸나 봐요. 향이 세지 않아서 좋아요.,2025-11-26
R0167,O0167,C034,P045,4,고민하다 샀는데 잘 산 것 같아요. 비타민C 들어간 거 찾다가 샀는데 만족합니다. 공구 원하시면 01069007203 연락주세요.,2025-11-27
R0168,O0168,C034,P183,2,저랑은 안 맞았어요. 생각보다 끈적여서 아침엔 못 쓰겠어요. 신재민님이 추천해줘서 샀어요.,2025-12-23
R0169,O0169,C034,P125,1,"다음엔 다른 거 살 것 같아요. 중성이라 그런지 발랐더니 조금 따가웠어요. 박하윤이라고 하고요, 매장 직원분이 친절했어요.",2026-02-05
R0170,O0170,C034,P152,3,가격 생각하면 이 정도는 하는 것 같아요. 중성인데 자극 없이 잘 썼어요. 저는 박하윤인데 벌써 세 번째 재구매예요.,2026-02-21
R0171,O0171,C034,P168,4,친구가 좋다고 해서 샀는데 만족해요. 결이 정돈된 느낌이 든다는 게 느껴져요. 권다은 언니가 쓰는 거 보고 따라 샀습니다.,2026-05-23
R0172,O0172,C034,P146,5,"친구가 좋다고 해서 샀는데 만족해요. 향이 세지 않아서 좋아요. 박하윤이라고 하고요, 매장 직원분이 친절했어요.",2026-06-16
R0173,O0173,C035,P031,5,친구가 좋다고 해서 샀는데 만족해요. 건성인데 자극 없이 잘 썼어요. 샘플 문의는 yerin46@example.com 로 주세요.,2025-11-27
R0174,O0174,C035,P183,5,재구매입니다. 향이 세지 않아서 좋아요. 카톡 아이디 minjun32 입니다.,2025-12-18
R0175,O0175,C035,P078,3,가격 생각하면 이 정도는 하는 것 같아요. 건성인데 자극 없이 잘 썼어요.,2026-03-03
R0176,O0176,C035,P168,2,다음엔 다른 거 살 것 같아요. 용량 대비 가격이 아쉬워요.,2026-03-17
R0177,O0177,C035,P006,5,고민하다 샀는데 잘 산 것 같아요. 건성인데 자극 없이 잘 썼어요.,2026-05-03
R0178,O0178,C036,P035,3,무난해요. 히알루론산 들어간 거 찾다가 샀는데 만족합니다. 안은수님이 추천해줘서 샀어요.,2025-07-18
R0179,O0179,C036,P086,4,친구가 좋다고 해서 샀는데 만족해요. 콜라겐 들어간 거 찾다가 샀는데 만족합니다. 재고 문의는 010 2413 2663 로 부탁드려요.,2025-08-04
R0180,O0180,C036,P057,5,재구매입니다. 히알루론산 들어간 거 찾다가 샀는데 만족합니다.,2025-10-14
R0181,O0181,C036,P073,4,샘플 써보고 본품 구매했어요. 물처럼 묽은 제형이라 아침에 쓰기 좋아요.,2025-11-03
R0182,O0182,C036,P048,1,환불 고민 중입니다. 눈가가 덜 접힌다는 잘 모르겠어요.,2026-02-01
R0183,O0183,C036,P096,3,나쁘진 않은데 특별하진 않네요. 향이 세지 않아서 좋아요.,2026-02-11
R0184,O0184,C036,P095,5,친구가 좋다고 해서 샀는데 만족해요. 지성인데 자극 없이 잘 썼어요.,2026-04-20
R0185,O0185,C036,P001,5,고민하다 샀는데 잘 산 것 같아요. 지성인데 자극 없이 잘 썼어요.,2026-04-24
R0186,O0186,C037,P132,4,재구매입니다. 탱탱한 느낌이 오래간다는 게 느껴져요.,2025-07-28
R0187,O0187,C037,P176,3,무난해요. 눈가가 덜 접힌다는 게 느껴져요. 샘플 문의는 siwoo19@example.com 로 주세요.,2025-10-20
R0188,O0188,C037,P037,4,친구가 좋다고 해서 샀는데 만족해요. 녹차 들어간 거 찾다가 샀는데 만족합니다.,2026-07-19
R0189,O0189,C038,P072,3,나쁘진 않은데 특별하진 않네요. 가볍게 스미는 제형이라 아침에 쓰기 좋아요. 천안 복대동 사는데 근처 매장에도 있더라고요.,2025-09-20
R0190,O0190,C038,P022,5,친구가 좋다고 해서 샀는데 만족해요. 향이 세지 않아서 좋아요.,2026-01-07
R0191,O0191,C038,P191,4,샘플 써보고 본품 구매했어요. 건성인데 자극 없이 잘 썼어요.,2026-05-09
R0192,O0192,C038,P091,5,친구가 좋다고 해서 샀는데 만족해요. 쌀겨 들어간 거 찾다가 샀는데 만족합니다. 궁금하신 분은 010-8310-2146으로 문자주세요.,2026-06-11
R0193,O0193,C038,P093,4,재구매입니다. 건성인데 자극 없이 잘 썼어요. 저는 장예린인데 벌써 세 번째 재구매예요.,2026-07-02
R0194,O0194,C039,P050,4,두 통째 쓰는 중이에요. 탱탱한 느낌이 오래간다는 게 느껴져요.,2025-10-07
R0195,O0195,C039,P179,4,친구가 좋다고 해서 샀는데 만족해요. 향이 세지 않아서 좋아요. 신수빈님이 추천해줘서 샀어요.,2025-10-26
R0196,O0196,C039,P143,5,고민하다 샀는데 잘 산 것 같아요. 민감성인데 자극 없이 잘 썼어요.,2025-11-08
R0197,O0197,C039,P153,5,친구가 좋다고 해서 샀는데 만족해요. 민감성인데 자극 없이 잘 썼어요. 카톡 아이디 jungwoo60 입니다.,2026-05-05
R0198,O0198,C039,P132,5,친구가 좋다고 해서 샀는데 만족해요. 민감성인데 자극 없이 잘 썼어요.,2026-07-17
R0199,O0199,C040,P167,3,"가격 생각하면 이 정도는 하는 것 같아요. 올라오던 게 덜하다는 게 느껴져요. 정혜원이라고 하고요, 매장 직원분이 친절했어요.",2025-11-10
R0200,O0200,C040,P191,5,두 통째 쓰는 중이에요. 향이 세지 않아서 좋아요. 궁금하신 분은 010-3699-3522으로 문자주세요.,2026-03-19
R0201,O0201,C040,P149,5,재구매입니다. 건성인데 자극 없이 잘 썼어요.,2026-04-20
R0202,O0202,C041,P029,3,기대가 컸나 봐요. 콜라겐 들어간 거 찾다가 샀는데 만족합니다.,2025-08-06
R0203,O0203,C041,P070,5,재구매입니다. 산뜻한 제형이라 아침에 쓰기 좋아요.,2025-08-20
R0204,O0204,C041,P176,4,재구매입니다. 꾸덕한 제형이라 아침에 쓰기 좋아요.,2025-11-06
R0205,O0205,C041,P107,2,광고를 너무 믿었나 봐요. 향이 저한테는 좀 강했어요.,2026-01-08
R0206,O0206,C042,P187,5,재구매입니다. 향이 세지 않아서 좋아요.,2026-03-12
R0207,O0207,C042,P064,3,가격 생각하면 이 정도는 하는 것 같아요. 겉돌던 게 없어졌다는 게 느껴져요.,2026-03-18
R0208,O0208,C042,P117,5,친구가 좋다고 해서 샀는데 만족해요. 나이아신아마이드 들어간 거 찾다가 샀는데 만족합니다.,2026-04-17
R0209,O0209,C043,P038,2,저랑은 안 맞았어요. 생각보다 끈적여서 아침엔 못 쓰겠어요.,2025-07-18
R0210,O0210,C043,P067,4,"재구매입니다. 촉촉하게 감싸는 제형이라 아침에 쓰기 좋아요. 이채원이라고 하고요, 매장 직원분이 친절했어요.",2025-09-17
R0211,O0211,C043,P106,4,고민하다 샀는데 잘 산 것 같아요. 겉돌던 게 없어졌다는 게 느껴져요.,2025-11-07
R0212,O0212,C043,P092,4,친구가 좋다고 해서 샀는데 만족해요. 젤 같은 제형이라 아침에 쓰기 좋아요. 오소율 언니가 쓰는 거 보고 따라 샀습니다.,2026-01-03
R0213,O0213,C043,P113,4,두 통째 쓰는 중이에요. 산뜻한 제형이라 아침에 쓰기 좋아요.,2026-01-24
R0214,O0214,C043,P174,2,환불 고민 중입니다. 용량 대비 가격이 아쉬워요. 장태윤님이 추천해줘서 샀어요.,2026-02-09
R0215,O0215,C043,P108,4,재구매입니다. 세라마이드 들어간 거 찾다가 샀는데 만족합니다.,2026-06-05
R0216,O0216,C044,P101,4,두 통째 쓰는 중이에요. 얼굴이 한 톤 밝아 보인다는 게 느껴져요. 박도현님이 추천해줘서 샀어요.,2025-07-23
R0217,O0217,C044,P040,5,재구매입니다. 지성인데 자극 없이 잘 썼어요.,2025-07-30
R0218,O0218,C044,P074,3,나쁘진 않은데 특별하진 않네요. 올라오던 게 덜하다는 게 느껴져요.,2025-11-06
R0219,O0219,C045,P176,5,두 통째 쓰는 중이에요. 지성인데 자극 없이 잘 썼어요.,2025-08-17
R0220,O0220,C045,P190,2,환불 고민 중입니다. 속건조가 덜하다는 잘 모르겠어요. 카톡 아이디 sunghyun57 입니다.,2025-10-30
R0221,O0221,C045,P013,5,두 통째 쓰는 중이에요. 지성인데 자극 없이 잘 썼어요.,2026-03-01
R0222,O0222,C045,P194,4,고민하다 샀는데 잘 산 것 같아요. 지성인데 자극 없이 잘 썼어요.,2026-06-18
R0223,O0223,C045,P170,1,저랑은 안 맞았어요. 지성이라 그런지 발랐더니 조금 따가웠어요.,2026-07-18
R0224,O0224,C045,P057,4,재구매입니다. 지성인데 자극 없이 잘 썼어요.,2026-07-20
R0225,O0225,C045,P101,5,고민하다 샀는데 잘 산 것 같아요. 촉촉하게 감싸는 제형이라 아침에 쓰기 좋아요. 고양 불당동 사는데 근처 매장에도 있더라고요.,2026-07-21
R0226,O0226,C045,P100,5,친구가 좋다고 해서 샀는데 만족해요. 향이 세지 않아서 좋아요.,2026-08-04
R0227,O0227,C046,P122,3,가격 생각하면 이 정도는 하는 것 같아요. 향이 세지 않아서 좋아요.,2025-11-29
R0228,O0228,C046,P151,1,다음엔 다른 거 살 것 같아요. 향이 저한테는 좀 강했어요.,2026-05-02
R0229,O0229,C047,P089,4,친구가 좋다고 해서 샀는데 만족해요. 눈가가 덜 접힌다는 게 느껴져요. 공구 원하시면 01033829460 연락주세요.,2025-09-07
R0230,O0230,C047,P160,5,두 통째 쓰는 중이에요. 복합성인데 자극 없이 잘 썼어요.,2025-11-22
R0231,O0231,C047,P059,5,고민하다 샀는데 잘 산 것 같아요. 히알루론산 들어간 거 찾다가 샀는데 만족합니다. 대전 영통동 사는데 근처 매장에도 있더라고요.,2026-07-06
R0232,O0232,C048,P123,5,고민하다 샀는데 잘 산 것 같아요. 건성인데 자극 없이 잘 썼어요. 재고 문의는 010 7981 2845 로 부탁드려요.,2026-02-12
R0233,O0233,C048,P117,5,재구매입니다. 탱탱한 느낌이 오래간다는 게 느껴져요.,2026-02-14
R0234,O0234,C048,P064,2,저랑은 안 맞았어요. 생각보다 끈적여서 아침엔 못 쓰겠어요.,2026-03-24
R0235,O0235,C048,P093,4,친구가 좋다고 해서 샀는데 만족해요. 가볍게 스미는 제형이라 아침에 쓰기 좋아요. 저는 안지아인데 벌써 세 번째 재구매예요.,2026-05-08
R0236,O0236,C048,P002,5,친구가 좋다고 해서 샀는데 만족해요. 올라오던 게 덜하다는 게 느껴져요. 송재민님이 추천해줘서 샀어요.,2026-06-02
R0237,O0237,C049,P175,2,환불 고민 중입니다. 생각보다 끈적여서 아침엔 못 쓰겠어요.,2025-10-05
R0238,O0238,C049,P157,5,두 통째 쓰는 중이에요. 촉촉하게 감싸는 제형이라 아침에 쓰기 좋아요.,2025-10-20
R0239,O0239,C049,P100,4,두 통째 쓰는 중이에요. 물처럼 묽은 제형이라 아침에 쓰기 좋아요.,2025-11-16
R0240,O0240,C049,P190,5,샘플 써보고 본품 구매했어요. 향이 세지 않아서 좋아요.,2025-12-08
R0241,O0241,C049,P197,5,샘플 써보고 본품 구매했어요. 민감성인데 자극 없이 잘 썼어요.,2026-04-16
R0242,O0242,C049,P057,5,두 통째 쓰는 중이에요. 탱탱한 느낌이 오래간다는 게 느껴져요. 샘플 문의는 yujin3@example.com 로 주세요.,2026-06-13
R0243,O0243,C050,P088,3,기대가 컸나 봐요. 촉촉하게 감싸는 제형이라 아침에 쓰기 좋아요. 저는 조서연인데 벌써 세 번째 재구매예요.,2025-09-16
R0244,O0244,C050,P038,4,고민하다 샀는데 잘 산 것 같아요. 눈가가 덜 접힌다는 게 느껴져요.,2025-10-20
R0245,O0245,C050,P016,5,친구가 좋다고 해서 샀는데 만족해요. 향이 세지 않아서 좋아요.,2025-12-06
R0246,O0246,C050,P115,3,무난해요. 향이 세지 않아서 좋아요.,2026-01-23
R0247,O0247,C050,P073,3,기대가 컸나 봐요. 향이 세지 않아서 좋아요. 공구 원하시면 01047821132 연락주세요.,2026-04-10
R0248,O0248,C050,P083,3,가격 생각하면 이 정도는 하는 것 같아요. 향이 세지 않아서 좋아요. 수원 상무지구 사는데 근처 매장에도 있더라고요.,2026-05-20
R0249,O0249,C050,P159,5,재구매입니다. 비타민C 들어간 거 찾다가 샀는데 만족합니다. 정소율님이 추천해줘서 샀어요.,2026-07-31
R0250,O0250,C051,P199,4,두 통째 쓰는 중이에요. 탱탱한 느낌이 오래간다는 게 느껴져요. 임수빈님이 추천해줘서 샀어요.,2025-09-14
R0251,O0251,C051,P106,2,광고를 너무 믿었나 봐요. 복합성이라 그런지 발랐더니 조금 따가웠어요. 부산 정자동 사는데 근처 매장에도 있더라고요.,2025-12-05
R0252,O0252,C051,P033,4,친구가 좋다고 해서 샀는데 만족해요. 향이 세지 않아서 좋아요. 저는 최시우인데 벌써 세 번째 재구매예요.,2025-12-15
R0253,O0253,C051,P043,2,환불 고민 중입니다. 향이 저한테는 좀 강했어요. 샘플 문의는 siwoo41@example.com 로 주세요.,2026-08-05
R0254,O0254,C052,P127,3,무난해요. 어성초 들어간 거 찾다가 샀는데 만족합니다.,2025-08-29
R0255,O0255,C052,P142,5,샘플 써보고 본품 구매했어요. 건성인데 자극 없이 잘 썼어요.,2025-11-29
R0256,O0256,C052,P186,4,두 통째 쓰는 중이에요. 나이아신아마이드 들어간 거 찾다가 샀는데 만족합니다. 공구 원하시면 01013827561 연락주세요.,2026-06-25
R0257,O0257,C052,P006,5,샘플 써보고 본품 구매했어요. 꾸덕한 제형이라 아침에 쓰기 좋아요.,2026-06-27
R0258,O0258,C052,P035,3,기대가 컸나 봐요. 건성인데 자극 없이 잘 썼어요.,2026-07-05
R0259,O0259,C053,P080,5,"고민하다 샀는데 잘 산 것 같아요. 레티놀 들어간 거 찾다가 샀는데 만족합니다. 송성현이라고 하고요, 매장 직원분이 친절했어요.",2025-07-18
R0260,O0260,C053,P089,5,샘플 써보고 본품 구매했어요. 눈가가 덜 접힌다는 게 느껴져요. 재고 문의는 010 5814 3896 로 부탁드려요.,2025-11-01
R0261,O0261,C053,P104,4,"고민하다 샀는데 잘 산 것 같아요. 중성인데 자극 없이 잘 썼어요. 송성현이라고 하고요, 매장 직원분이 친절했어요.",2026-01-14
R0262,O0262,C053,P100,5,"고민하다 샀는데 잘 산 것 같아요. 녹차 들어간 거 찾다가 샀는데 만족합니다. 송성현이라고 하고요, 매장 직원분이 친절했어요.",2026-05-25
R0263,O0263,C053,P082,3,무난해요. 녹차 들어간 거 찾다가 샀는데 만족합니다.,2026-06-26
R0264,O0264,C053,P041,5,재구매입니다. 꾸덕한 제형이라 아침에 쓰기 좋아요.,2026-07-07
R0265,O0265,C053,P012,5,친구가 좋다고 해서 샀는데 만족해요. 향이 세지 않아서 좋아요. 샘플 문의는 sunghyun56@example.com 로 주세요.,2026-07-28
R0266,O0266,C054,P016,3,나쁘진 않은데 특별하진 않네요. 향이 세지 않아서 좋아요. 대전 사는 조예린입니다. 배송 빨랐어요.,2025-07-13
R0267,O0267,C054,P096,5,재구매입니다. 가볍게 스미는 제형이라 아침에 쓰기 좋아요.,2025-08-06
R0268,O0268,C054,P058,5,고민하다 샀는데 잘 산 것 같아요. 히알루론산 들어간 거 찾다가 샀는데 만족합니다.,2025-09-30
R0269,O0269,C054,P140,4,두 통째 쓰는 중이에요. 향이 세지 않아서 좋아요. 공구 원하시면 01071387049 연락주세요.,2026-04-04
R0270,O0270,C054,P083,5,재구매입니다. 물처럼 묽은 제형이라 아침에 쓰기 좋아요. 샘플 문의는 yerin8@example.com 로 주세요.,2026-04-09
R0271,O0271,C055,P183,4,친구가 좋다고 해서 샀는데 만족해요. 향이 세지 않아서 좋아요.,2025-07-18
R0272,O0272,C055,P078,5,재구매입니다. 복합성인데 자극 없이 잘 썼어요. 서은수님이 추천해줘서 샀어요.,2025-08-05
R0273,O0273,C055,P135,4,샘플 써보고 본품 구매했어요. 복합성인데 자극 없이 잘 썼어요.,2025-09-24
R0274,O0274,C055,P118,5,두 통째 쓰는 중이에요. 히알루론산 들어간 거 찾다가 샀는데 만족합니다.,2025-12-21
R0275,O0275,C055,P063,5,고민하다 샀는데 잘 산 것 같아요. 복합성인데 자극 없이 잘 썼어요. 저는 정가은인데 벌써 세 번째 재구매예요.,2026-05-17
R0276,O0276,C055,P080,5,재구매입니다. 레티놀 들어간 거 찾다가 샀는데 만족합니다.,2026-07-16
R0277,O0277,C056,P109,5,샘플 써보고 본품 구매했어요. 쌀겨 들어간 거 찾다가 샀는데 만족합니다. 윤가은님이 추천해줘서 샀어요.,2025-08-03
R0278,O0278,C056,P103,4,고민하다 샀는데 잘 산 것 같아요. 향이 세지 않아서 좋아요. 공구 원하시면 01012074153 연락주세요.,2025-08-12
R0279,O0279,C056,P118,5,친구가 좋다고 해서 샀는데 만족해요. 히알루론산 들어간 거 찾다가 샀는데 만족합니다.,2025-12-06
R0280,O0280,C056,P080,5,고민하다 샀는데 잘 산 것 같아요. 젤 같은 제형이라 아침에 쓰기 좋아요.,2025-12-21
R0281,O0281,C056,P165,3,나쁘진 않은데 특별하진 않네요. 쌀겨 들어간 거 찾다가 샀는데 만족합니다.,2026-06-06
R0282,O0282,C057,P047,5,재구매입니다. 올라오던 게 덜하다는 게 느껴져요.,2025-07-12
R0283,O0283,C057,P168,4,두 통째 쓰는 중이에요. 결이 정돈된 느낌이 든다는 게 느껴져요.,2025-08-13
R0284,O0284,C057,P004,3,무난해요. 탱탱한 느낌이 오래간다는 게 느껴져요. 광주 정자동 사는데 근처 매장에도 있더라고요.,2025-11-02
R0285,O0285,C057,P049,4,고민하다 샀는데 잘 산 것 같아요. 탱탱한 느낌이 오래간다는 게 느껴져요.,2026-02-16
R0286,O0286,C057,P051,5,"샘플 써보고 본품 구매했어요. 향이 세지 않아서 좋아요. 이현우이라고 하고요, 매장 직원분이 친절했어요.",2026-02-22
R0287,O0287,C057,P117,4,두 통째 쓰는 중이에요. 향이 세지 않아서 좋아요.,2026-06-26
R0288,O0288,C058,P165,5,샘플 써보고 본품 구매했어요. 결이 정돈된 느낌이 든다는 게 느껴져요.,2025-11-08
R0289,O0289,C058,P199,4,재구매입니다. 향이 세지 않아서 좋아요.,2025-12-19
R0290,O0290,C058,P118,5,두 통째 쓰는 중이에요. 물처럼 묽은 제형이라 아침에 쓰기 좋아요. 대전 일산동 사는데 근처 매장에도 있더라고요.,2026-02-17
R0291,O0291,C058,P164,3,가격 생각하면 이 정도는 하는 것 같아요. 촉촉하게 감싸는 제형이라 아침에 쓰기 좋아요.,2026-05-04
R0292,O0292,C058,P012,2,다음엔 다른 거 살 것 같아요. 생각보다 끈적여서 아침엔 못 쓰겠어요. 최나은님이 추천해줘서 샀어요.,2026-07-15
R0293,O0293,C059,P198,3,"가격 생각하면 이 정도는 하는 것 같아요. 가볍게 스미는 제형이라 아침에 쓰기 좋아요. 강예린이라고 하고요, 매장 직원분이 친절했어요.",2025-10-20
R0294,O0294,C059,P144,3,가격 생각하면 이 정도는 하는 것 같아요. 지성인데 자극 없이 잘 썼어요.,2026-01-09
R0295,O0295,C059,P199,4,친구가 좋다고 해서 샀는데 만족해요. 약산성 아미노산 들어간 거 찾다가 샀는데 만족합니다.,2026-04-17
R0296,O0296,C059,P067,5,고민하다 샀는데 잘 산 것 같아요. 속건조가 덜하다는 게 느껴져요. 공구 원하시면 01032722242 연락주세요.,2026-07-11
R0297,O0297,C059,P060,5,고민하다 샀는데 잘 산 것 같아요. 붉은 기가 빨리 가라앉는다는 게 느껴져요.,2026-08-05
R0298,O0298,C060,P135,5,샘플 써보고 본품 구매했어요. 지성인데 자극 없이 잘 썼어요. 인천 둔산동 사는데 근처 매장에도 있더라고요.,2025-08-04
R0299,O0299,C060,P164,5,두 통째 쓰는 중이에요. 결이 정돈된 느낌이 든다는 게 느껴져요.,2025-08-10
R0300,O0300,C060,P180,1,저랑은 안 맞았어요. 생각보다 끈적여서 아침엔 못 쓰겠어요. 인천 불당동 사는데 근처 매장에도 있더라고요.,2025-08-29
R0301,O0301,C060,P132,3,나쁘진 않은데 특별하진 않네요. 탱탱한 느낌이 오래간다는 게 느껴져요. 공구 원하시면 01031708213 연락주세요.,2026-06-17
R0302,O0302,C060,P122,5,고민하다 샀는데 잘 산 것 같아요. 향이 세지 않아서 좋아요.,2026-07-12
R0303,O0303,C061,P004,3,나쁘진 않은데 특별하진 않네요. 중성인데 자극 없이 잘 썼어요.,2025-09-15
R0304,O0304,C061,P075,2,광고를 너무 믿었나 봐요. 올라오던 게 덜하다는 잘 모르겠어요.,2026-04-18
R0305,O0305,C061,P041,4,고민하다 샀는데 잘 산 것 같아요. 중성인데 자극 없이 잘 썼어요. 공구 원하시면 01080021367 연락주세요.,2026-06-24
R0306,O0306,C062,P190,2,다음엔 다른 거 살 것 같아요. 용량 대비 가격이 아쉬워요.,2025-09-11
R0307,O0307,C062,P044,5,두 통째 쓰는 중이에요. 알로에 들어간 거 찾다가 샀는데 만족합니다.,2025-10-14
R0308,O0308,C062,P084,4,재구매입니다. 나이아신아마이드 들어간 거 찾다가 샀는데 만족합니다.,2025-12-02
R0309,O0309,C062,P113,1,광고를 너무 믿었나 봐요. 탱탱한 느낌이 오래간다는 잘 모르겠어요.,2026-02-18
R0310,O0310,C062,P085,2,다음엔 다른 거 살 것 같아요. 용량 대비 가격이 아쉬워요.,2026-07-13
R0311,O0311,C063,P097,3,나쁘진 않은데 특별하진 않네요. 올라오던 게 덜하다는 게 느껴져요.,2025-09-15
R0312,O0312,C063,P074,5,샘플 써보고 본품 구매했어요. 촉촉하게 감싸는 제형이라 아침에 쓰기 좋아요.,2025-09-15
R0313,O0313,C063,P149,3,나쁘진 않은데 특별하진 않네요. 탱탱한 느낌이 오래간다는 게 느껴져요. 오정우님이 추천해줘서 샀어요.,2025-10-02
R0314,O0314,C063,P167,5,친구가 좋다고 해서 샀는데 만족해요. 향이 세지 않아서 좋아요. 궁금하신 분은 010-9759-6339으로 문자주세요.,2025-12-23
R0315,O0315,C063,P034,4,친구가 좋다고 해서 샀는데 만족해요. 촉촉하게 감싸는 제형이라 아침에 쓰기 좋아요.,2026-04-09
R0316,O0316,C063,P191,5,친구가 좋다고 해서 샀는데 만족해요. 가볍게 스미는 제형이라 아침에 쓰기 좋아요.,2026-06-29
R0317,O0317,C063,P091,2,환불 고민 중입니다. 복합성이라 그런지 발랐더니 조금 따가웠어요. 공구 원하시면 01097596339 연락주세요.,2026-07-18
R0318,O0318,C064,P085,5,친구가 좋다고 해서 샀는데 만족해요. 탱탱한 느낌이 오래간다는 게 느껴져요.,2025-08-28
R0319,O0319,C064,P027,2,다음엔 다른 거 살 것 같아요. 용량 대비 가격이 아쉬워요. 공구 원하시면 01093189936 연락주세요.,2025-11-25
R0320,O0320,C064,P153,4,친구가 좋다고 해서 샀는데 만족해요. 지성인데 자극 없이 잘 썼어요.,2025-11-27
R0321,O0321,C064,P031,5,재구매입니다. 속건조가 덜하다는 게 느껴져요.,2026-02-25
R0322,O0322,C064,P177,4,두 통째 쓰는 중이에요. 향이 세지 않아서 좋아요.,2026-03-23
R0323,O0323,C064,P110,4,고민하다 샀는데 잘 산 것 같아요. 올라오던 게 덜하다는 게 느껴져요.,2026-06-21
R0324,O0324,C064,P141,5,재구매입니다. 지성인데 자극 없이 잘 썼어요. 이가은 언니가 쓰는 거 보고 따라 샀습니다.,2026-07-07
R0325,O0325,C065,P080,5,샘플 써보고 본품 구매했어요. 건성인데 자극 없이 잘 썼어요.,2025-08-23
R0326,O0326,C065,P174,5,친구가 좋다고 해서 샀는데 만족해요. 산뜻한 제형이라 아침에 쓰기 좋아요. 궁금하신 분은 010-7854-4947으로 문자주세요.,2025-11-23
R0327,O0327,C065,P074,4,친구가 좋다고 해서 샀는데 만족해요. 향이 세지 않아서 좋아요.,2026-04-30
R0328,O0328,C066,P142,2,환불 고민 중입니다. 생각보다 끈적여서 아침엔 못 쓰겠어요.,2025-11-09
R0329,O0329,C066,P018,3,나쁘진 않은데 특별하진 않네요. 지성인데 자극 없이 잘 썼어요.,2026-01-11
R0330,O0330,C066,P111,5,재구매입니다. 나이아신아마이드 들어간 거 찾다가 샀는데 만족합니다. 카톡 아이디 taeyoon20 입니다.,2026-02-14
R0331,O0331,C066,P163,4,두 통째 쓰는 중이에요. 결이 정돈된 느낌이 든다는 게 느껴져요.,2026-03-02
R0332,O0332,C066,P190,2,광고를 너무 믿었나 봐요. 용량 대비 가격이 아쉬워요. 인천 구월동 사는데 근처 매장에도 있더라고요.,2026-07-25
R0333,O0333,C067,P090,3,가격 생각하면 이 정도는 하는 것 같아요. 콜라겐 들어간 거 찾다가 샀는데 만족합니다.,2025-08-30
R0334,O0334,C067,P195,4,재구매입니다. 올라오던 게 덜하다는 게 느껴져요. 청주 사는 조가은입니다. 배송 빨랐어요.,2025-09-21
R0335,O0335,C067,P092,4,두 통째 쓰는 중이에요. 향이 세지 않아서 좋아요. 저는 조가은인데 벌써 세 번째 재구매예요.,2025-11-08
R0336,O0336,C067,P055,3,무난해요. 복합성인데 자극 없이 잘 썼어요.,2026-04-24
R0337,O0337,C067,P023,1,저랑은 안 맞았어요. 향이 저한테는 좀 강했어요. 최보민 언니가 쓰는 거 보고 따라 샀습니다.,2026-06-10
R0338,O0338,C067,P051,5,고민하다 샀는데 잘 산 것 같아요. 향이 세지 않아서 좋아요.,2026-07-24
R0339,O0339,C068,P039,3,무난해요. 눈가가 덜 접힌다는 게 느껴져요.,2025-08-09
R0340,O0340,C068,P075,4,친구가 좋다고 해서 샀는데 만족해요. 중성인데 자극 없이 잘 썼어요. 천안 수성동 사는데 근처 매장에도 있더라고요.,2026-02-02
R0341,O0341,C068,P070,5,두 통째 쓰는 중이에요. 중성인데 자극 없이 잘 썼어요.,2026-02-04
R0342,O0342,C068,P048,4,친구가 좋다고 해서 샀는데 만족해요. 향이 세지 않아서 좋아요.,2026-05-08
R0343,O0343,C068,P068,5,두 통째 쓰는 중이에요. 탱탱한 느낌이 오래간다는 게 느껴져요. 재고 문의는 010 3390 2192 로 부탁드려요.,2026-07-27
R0344,O0344,C069,P121,5,고민하다 샀는데 잘 산 것 같아요. 녹차 들어간 거 찾다가 샀는데 만족합니다. 카톡 아이디 gaeun62 입니다.,2025-07-12
R0345,O0345,C069,P152,5,친구가 좋다고 해서 샀는데 만족해요. 산뜻한 제형이라 아침에 쓰기 좋아요. 저는 서보민인데 벌써 세 번째 재구매예요.,2025-11-02
R0346,O0346,C069,P023,4,"고민하다 샀는데 잘 산 것 같아요. 콜라겐 들어간 거 찾다가 샀는데 만족합니다. 서보민이라고 하고요, 매장 직원분이 친절했어요.",2026-05-22
R0347,O0347,C069,P018,5,고민하다 샀는데 잘 산 것 같아요. 탱탱한 느낌이 오래간다는 게 느껴져요. 안다은님이 추천해줘서 샀어요.,2026-07-25
R0348,O0348,C070,P164,3,기대가 컸나 봐요. 향이 세지 않아서 좋아요.,2025-12-09
R0349,O0349,C070,P117,5,두 통째 쓰는 중이에요. 향이 세지 않아서 좋아요.,2026-02-24
R0350,O0350,C070,P083,4,친구가 좋다고 해서 샀는데 만족해요. 민감성인데 자극 없이 잘 썼어요.,2026-04-12
R0351,O0351,C070,P147,5,고민하다 샀는데 잘 산 것 같아요. 민감성인데 자극 없이 잘 썼어요.,2026-04-15
R0352,O0352,C070,P122,5,친구가 좋다고 해서 샀는데 만족해요. 얼굴이 한 톤 밝아 보인다는 게 느껴져요. 카톡 아이디 junseo70 입니다.,2026-04-28
R0353,O0353,C070,P162,4,두 통째 쓰는 중이에요. 촉촉하게 감싸는 제형이라 아침에 쓰기 좋아요.,2026-05-27
R0354,O0354,C070,P137,5,친구가 좋다고 해서 샀는데 만족해요. 속건조가 덜하다는 게 느껴져요. 재고 문의는 010 2413 6315 로 부탁드려요.,2026-05-28
R0355,O0355,C071,P100,5,고민하다 샀는데 잘 산 것 같아요. 향이 세지 않아서 좋아요. 카톡 아이디 hyunwoo56 입니다.,2025-08-22
R0356,O0356,C071,P169,5,친구가 좋다고 해서 샀는데 만족해요. 물처럼 묽은 제형이라 아침에 쓰기 좋아요. 궁금하신 분은 010-5710-1881으로 문자주세요.,2025-09-08
R0357,O0357,C071,P156,5,두 통째 쓰는 중이에요. 약산성 아미노산 들어간 거 찾다가 샀는데 만족합니다. 카톡 아이디 seoyeon24 입니다.,2026-01-05
R0358,O0358,C071,P117,5,두 통째 쓰는 중이에요. 민감성인데 자극 없이 잘 썼어요.,2026-06-02
R0359,O0359,C071,P185,4,샘플 써보고 본품 구매했어요. 향이 세지 않아서 좋아요.,2026-06-15
R0360,O0360,C072,P107,5,재구매입니다. 촉촉하게 감싸는 제형이라 아침에 쓰기 좋아요.,2025-08-18
R0361,O0361,C072,P110,2,저랑은 안 맞았어요. 생각보다 끈적여서 아침엔 못 쓰겠어요. 재고 문의는 010 4034 6949 로 부탁드려요.,2025-09-27
R0362,O0362,C072,P095,3,나쁘진 않은데 특별하진 않네요. 향이 세지 않아서 좋아요.,2026-01-16
R0363,O0363,C072,P094,5,친구가 좋다고 해서 샀는데 만족해요. 산뜻한 제형이라 아침에 쓰기 좋아요. 서울 사는 박보민입니다. 배송 빨랐어요.,2026-03-23
R0364,O0364,C073,P191,5,친구가 좋다고 해서 샀는데 만족해요. 젤 같은 제형이라 아침에 쓰기 좋아요.,2025-09-13
R0365,O0365,C073,P162,5,두 통째 쓰는 중이에요. 복합성인데 자극 없이 잘 썼어요.,2025-11-21
R0366,O0366,C073,P080,4,재구매입니다. 탱탱한 느낌이 오래간다는 게 느껴져요.,2026-02-22
R0367,O0367,C073,P101,2,환불 고민 중입니다. 향이 저한테는 좀 강했어요.,2026-04-01
R0368,O0368,C073,P063,5,재구매입니다. 촉촉하게 감싸는 제형이라 아침에 쓰기 좋아요.,2026-06-10
R0369,O0369,C073,P117,2,환불 고민 중입니다. 향이 저한테는 좀 강했어요.,2026-07-06
R0370,O0370,C074,P008,1,다음엔 다른 거 살 것 같아요. 용량 대비 가격이 아쉬워요.,2025-12-24
R0371,O0371,C074,P117,2,다음엔 다른 거 살 것 같아요. 용량 대비 가격이 아쉬워요.,2026-04-04
R0372,O0372,C074,P078,4,두 통째 쓰는 중이에요. 중성인데 자극 없이 잘 썼어요.,2026-05-06
R0373,O0373,C074,P142,4,친구가 좋다고 해서 샀는데 만족해요. 향이 세지 않아서 좋아요. 저는 조소율인데 벌써 세 번째 재구매예요.,2026-05-16
R0374,O0374,C075,P051,5,샘플 써보고 본품 구매했어요. 지성인데 자극 없이 잘 썼어요.,2025-08-16
R0375,O0375,C075,P185,4,두 통째 쓰는 중이에요. 알로에 들어간 거 찾다가 샀는데 만족합니다. 장다은 언니가 쓰는 거 보고 따라 샀습니다.,2025-10-04
R0376,O0376,C075,P142,3,나쁘진 않은데 특별하진 않네요. 어성초 들어간 거 찾다가 샀는데 만족합니다. 공구 원하시면 01072106668 연락주세요.,2025-12-29
R0377,O0377,C075,P042,3,가격 생각하면 이 정도는 하는 것 같아요. 지성인데 자극 없이 잘 썼어요.,2026-01-03
R0378,O0378,C075,P082,2,저랑은 안 맞았어요. 용량 대비 가격이 아쉬워요.,2026-06-07
R0379,O0379,C076,P088,4,두 통째 쓰는 중이에요. 어성초 들어간 거 찾다가 샀는데 만족합니다.,2025-11-10
R0380,O0380,C076,P182,3,무난해요. 젤 같은 제형이라 아침에 쓰기 좋아요.,2026-01-18
R0381,O0381,C076,P158,5,고민하다 샀는데 잘 산 것 같아요. 가볍게 스미는 제형이라 아침에 쓰기 좋아요. 저는 권우진인데 벌써 세 번째 재구매예요.,2026-01-30
R0382,O0382,C076,P170,2,다음엔 다른 거 살 것 같아요. 복합성이라 그런지 발랐더니 조금 따가웠어요.,2026-03-24
R0383,O0383,C077,P068,3,가격 생각하면 이 정도는 하는 것 같아요. 향이 세지 않아서 좋아요.,2025-12-30
R0384,O0384,C077,P038,5,샘플 써보고 본품 구매했어요. 건성인데 자극 없이 잘 썼어요. 성남 사는 한서연입니다. 배송 빨랐어요.,2026-05-14
R0385,O0385,C077,P080,4,재구매입니다. 건성인데 자극 없이 잘 썼어요. 오태윤님이 추천해줘서 샀어요.,2026-06-26
R0386,O0386,C078,P096,5,친구가 좋다고 해서 샀는데 만족해요. 레티놀 들어간 거 찾다가 샀는데 만족합니다.,2025-12-27
R0387,O0387,C078,P158,5,재구매입니다. 향이 세지 않아서 좋아요. 궁금하신 분은 010-5489-5450으로 문자주세요.,2026-01-06
R0388,O0388,C078,P128,1,환불 고민 중입니다. 생각보다 끈적여서 아침엔 못 쓰겠어요.,2026-03-04
R0389,O0389,C078,P017,1,광고를 너무 믿었나 봐요. 생각보다 끈적여서 아침엔 못 쓰겠어요. 궁금하신 분은 010-5489-5450으로 문자주세요.,2026-06-16
R0390,O0390,C078,P032,5,고민하다 샀는데 잘 산 것 같아요. 물처럼 묽은 제형이라 아침에 쓰기 좋아요. 천안 사는 최정우입니다. 배송 빨랐어요.,2026-07-06
R0391,O0391,C078,P155,5,두 통째 쓰는 중이에요. 세라마이드 들어간 거 찾다가 샀는데 만족합니다.,2026-07-19
R0392,O0392,C079,P193,4,두 통째 쓰는 중이에요. 민감성인데 자극 없이 잘 썼어요. 대전 사는 정혜원입니다. 배송 빨랐어요.,2025-09-17
R0393,O0393,C079,P139,1,저랑은 안 맞았어요. 용량 대비 가격이 아쉬워요.,2025-11-14
R0394,O0394,C079,P104,5,두 통째 쓰는 중이에요. 향이 세지 않아서 좋아요.,2026-01-29
R0395,O0395,C079,P053,4,두 통째 쓰는 중이에요. 민감성인데 자극 없이 잘 썼어요.,2026-02-16
R0396,O0396,C079,P047,4,"친구가 좋다고 해서 샀는데 만족해요. 올라오던 게 덜하다는 게 느껴져요. 정혜원이라고 하고요, 매장 직원분이 친절했어요.",2026-02-28
R0397,O0397,C079,P089,4,친구가 좋다고 해서 샀는데 만족해요. 눈가가 덜 접힌다는 게 느껴져요. 저는 정혜원인데 벌써 세 번째 재구매예요.,2026-05-12
R0398,O0398,C080,P146,1,다음엔 다른 거 살 것 같아요. 붉은 기가 빨리 가라앉는다는 잘 모르겠어요. 재고 문의는 010 2039 7938 로 부탁드려요.,2025-12-14
R0399,O0399,C080,P180,5,친구가 좋다고 해서 샀는데 만족해요. 향이 세지 않아서 좋아요.,2025-12-28
R0400,O0400,C080,P143,5,두 통째 쓰는 중이에요. 향이 세지 않아서 좋아요. 공구 원하시면 01020397938 연락주세요.,2025-12-30
R0401,O0401,C080,P102,4,샘플 써보고 본품 구매했어요. 겉돌던 게 없어졌다는 게 느껴져요.,2026-03-07
R0402,O0402,C080,P192,3,무난해요. 복합성인데 자극 없이 잘 썼어요.,2026-05-07
R0403,O0403,C081,P182,5,재구매입니다. 향이 세지 않아서 좋아요. 재고 문의는 010 6717 9113 로 부탁드려요.,2025-09-13
R0404,O0404,C081,P092,4,샘플 써보고 본품 구매했어요. 쌀겨 들어간 거 찾다가 샀는데 만족합니다.,2026-03-08
R0405,O0405,C081,P149,5,두 통째 쓰는 중이에요. 쌀겨 들어간 거 찾다가 샀는데 만족합니다.,2026-05-16
R0406,O0406,C081,P085,2,저랑은 안 맞았어요. 생각보다 끈적여서 아침엔 못 쓰겠어요.,2026-06-07
R0407,O0407,C081,P176,1,다음엔 다른 거 살 것 같아요. 생각보다 끈적여서 아침엔 못 쓰겠어요. 저는 박예린인데 벌써 세 번째 재구매예요.,2026-06-20
R0408,O0408,C081,P123,3,기대가 컸나 봐요. 녹차 들어간 거 찾다가 샀는데 만족합니다.,2026-08-02
R0409,O0409,C081,P170,5,두 통째 쓰는 중이에요. 향이 세지 않아서 좋아요.,2026-08-06
R0410,O0410,C082,P087,5,친구가 좋다고 해서 샀는데 만족해요. 붉은 기가 빨리 가라앉는다는 게 느껴져요.,2026-03-06
R0411,O0411,C082,P034,5,친구가 좋다고 해서 샀는데 만족해요. 꾸덕한 제형이라 아침에 쓰기 좋아요.,2026-03-21
R0412,O0412,C082,P122,5,재구매입니다. 얼굴이 한 톤 밝아 보인다는 게 느껴져요. 저는 송유진인데 벌써 세 번째 재구매예요.,2026-07-03
R0413,O0413,C083,P064,5,친구가 좋다고 해서 샀는데 만족해요. 겉돌던 게 없어졌다는 게 느껴져요.,2025-07-20
R0414,O0414,C083,P109,2,저랑은 안 맞았어요. 얼굴이 한 톤 밝아 보인다는 잘 모르겠어요.,2025-09-16
R0415,O0415,C083,P008,4,재구매입니다. 나이아신아마이드 들어간 거 찾다가 샀는데 만족합니다.,2025-12-08
R0416,O0416,C083,P198,4,친구가 좋다고 해서 샀는데 만족해요. 꾸덕한 제형이라 아침에 쓰기 좋아요.,2025-12-22
R0417,O0417,C083,P144,1,저랑은 안 맞았어요. 용량 대비 가격이 아쉬워요.,2026-02-27
R0418,O0418,C083,P096,5,두 통째 쓰는 중이에요. 향이 세지 않아서 좋아요.,2026-04-15
R0419,O0419,C083,P046,5,친구가 좋다고 해서 샀는데 만족해요. 나이아신아마이드 들어간 거 찾다가 샀는데 만족합니다.,2026-06-03
R0420,O0420,C083,P037,5,고민하다 샀는데 잘 산 것 같아요. 젤 같은 제형이라 아침에 쓰기 좋아요.,2026-07-11
R0421,O0421,C083,P160,1,다음엔 다른 거 살 것 같아요. 겉돌던 게 없어졌다는 잘 모르겠어요.,2026-07-24
R0422,O0422,C084,P024,5,두 통째 쓰는 중이에요. 향이 세지 않아서 좋아요.,2025-09-14
R0423,O0423,C084,P110,4,샘플 써보고 본품 구매했어요. 올라오던 게 덜하다는 게 느껴져요.,2025-11-09
R0424,O0424,C084,P180,4,재구매입니다. 콜라겐 들어간 거 찾다가 샀는데 만족합니다.,2026-01-31
R0425,O0425,C084,P069,4,재구매입니다. 향이 세지 않아서 좋아요.,2026-02-22
R0426,O0426,C084,P142,4,재구매입니다. 올라오던 게 덜하다는 게 느껴져요.,2026-07-01
R0427,O0427,C085,P149,5,재구매입니다. 건성인데 자극 없이 잘 썼어요. 성남 행신동 사는데 근처 매장에도 있더라고요.,2026-01-30
R0428,O0428,C085,P187,4,재구매입니다. 가볍게 스미는 제형이라 아침에 쓰기 좋아요.,2026-04-07
R0429,O0429,C085,P105,5,재구매입니다. 촉촉하게 감싸는 제형이라 아침에 쓰기 좋아요. 재고 문의는 010 6678 4018 로 부탁드려요.,2026-05-08
R0430,O0430,C086,P088,3,가격 생각하면 이 정도는 하는 것 같아요. 속건조가 덜하다는 게 느껴져요.,2026-02-05
R0431,O0431,C086,P071,5,고민하다 샀는데 잘 산 것 같아요. 약산성 아미노산 들어간 거 찾다가 샀는데 만족합니다. 성남 수성동 사는데 근처 매장에도 있더라고요.,2026-02-21
R0432,O0432,C086,P115,4,두 통째 쓰는 중이에요. 중성인데 자극 없이 잘 썼어요.,2026-04-09
R0433,O0433,C087,P080,5,재구매입니다. 산뜻한 제형이라 아침에 쓰기 좋아요.,2025-07-23
R0434,O0434,C087,P093,1,광고를 너무 믿었나 봐요. 향이 저한테는 좀 강했어요. 황지아님이 추천해줘서 샀어요.,2025-07-31
R0435,O0435,C087,P118,5,재구매입니다. 민감성인데 자극 없이 잘 썼어요.,2025-09-24
R0436,O0436,C087,P195,5,친구가 좋다고 해서 샀는데 만족해요. 젤 같은 제형이라 아침에 쓰기 좋아요. 궁금하신 분은 010-8560-4176으로 문자주세요.,2025-09-26
R0437,O0437,C087,P191,4,재구매입니다. 촉촉하게 감싸는 제형이라 아침에 쓰기 좋아요.,2025-11-10
R0438,O0438,C087,P050,5,재구매입니다. 향이 세지 않아서 좋아요. 저는 황은수인데 벌써 세 번째 재구매예요.,2026-01-28
R0439,O0439,C088,P084,3,무난해요. 복합성인데 자극 없이 잘 썼어요.,2025-10-14
R0440,O0440,C088,P197,4,두 통째 쓰는 중이에요. 복합성인데 자극 없이 잘 썼어요.,2025-10-14
R0441,O0441,C088,P053,5,"고민하다 샀는데 잘 산 것 같아요. 향이 세지 않아서 좋아요. 임하윤이라고 하고요, 매장 직원분이 친절했어요.",2025-10-22
R0442,O0442,C088,P066,5,재구매입니다. 약산성 아미노산 들어간 거 찾다가 샀는데 만족합니다.,2026-01-18
R0443,O0443,C088,P180,5,두 통째 쓰는 중이에요. 콜라겐 들어간 거 찾다가 샀는데 만족합니다. 카톡 아이디 jihoon47 입니다.,2026-02-12
R0444,O0444,C088,P023,4,샘플 써보고 본품 구매했어요. 복합성인데 자극 없이 잘 썼어요. 저는 임하윤인데 벌써 세 번째 재구매예요.,2026-02-18
R0445,O0445,C088,P183,5,재구매입니다. 알로에 들어간 거 찾다가 샀는데 만족합니다.,2026-05-03
R0446,O0446,C088,P174,2,광고를 너무 믿었나 봐요. 눈가가 덜 접힌다는 잘 모르겠어요. 재고 문의는 010 4860 8868 로 부탁드려요.,2026-06-02
R0447,O0447,C089,P009,5,재구매입니다. 민감성인데 자극 없이 잘 썼어요.,2025-07-13
R0448,O0448,C089,P064,4,두 통째 쓰는 중이에요. 겉돌던 게 없어졌다는 게 느껴져요.,2025-08-25
R0449,O0449,C089,P043,5,"재구매입니다. 민감성인데 자극 없이 잘 썼어요. 최도현이라고 하고요, 매장 직원분이 친절했어요.",2025-09-02
R0450,O0450,C089,P011,2,다음엔 다른 거 살 것 같아요. 민감성이라 그런지 발랐더니 조금 따가웠어요. 안예린님이 추천해줘서 샀어요.,2025-09-13
R0451,O0451,C089,P136,4,고민하다 샀는데 잘 산 것 같아요. 젤 같은 제형이라 아침에 쓰기 좋아요.,2026-04-05
R0452,O0452,C089,P165,3,가격 생각하면 이 정도는 하는 것 같아요. 산뜻한 제형이라 아침에 쓰기 좋아요.,2026-04-06
R0453,O0453,C089,P162,2,저랑은 안 맞았어요. 눈가가 덜 접힌다는 잘 모르겠어요.,2026-06-10
R0454,O0454,C089,P003,5,재구매입니다. 향이 세지 않아서 좋아요.,2026-06-26
R0455,O0455,C090,P118,4,샘플 써보고 본품 구매했어요. 얼굴이 한 톤 밝아 보인다는 게 느껴져요.,2025-08-08
R0456,O0456,C090,P137,3,가격 생각하면 이 정도는 하는 것 같아요. 지성인데 자극 없이 잘 썼어요. 공구 원하시면 01031299386 연락주세요.,2025-09-20
R0457,O0457,C090,P096,5,두 통째 쓰는 중이에요. 레티놀 들어간 거 찾다가 샀는데 만족합니다.,2025-12-05
R0458,O0458,C090,P197,4,"고민하다 샀는데 잘 산 것 같아요. 알로에 들어간 거 찾다가 샀는데 만족합니다. 안예린이라고 하고요, 매장 직원분이 친절했어요.",2026-02-28
R0459,O0459,C091,P115,4,샘플 써보고 본품 구매했어요. 비타민C 들어간 거 찾다가 샀는데 만족합니다. 서울 행신동 사는데 근처 매장에도 있더라고요.,2025-09-06
R0460,O0460,C091,P062,3,기대가 컸나 봐요. 향이 세지 않아서 좋아요. 샘플 문의는 miyeon7@example.com 로 주세요.,2026-03-31
R0461,O0461,C091,P096,4,친구가 좋다고 해서 샀는데 만족해요. 향이 세지 않아서 좋아요.,2026-07-14
R0462,O0462,C092,P120,4,고민하다 샀는데 잘 산 것 같아요. 향이 세지 않아서 좋아요.,2025-10-25
R0463,O0463,C092,P147,5,샘플 써보고 본품 구매했어요. 올라오던 게 덜하다는 게 느껴져요.,2025-12-18
R0464,O0464,C092,P149,4,재구매입니다. 쌀겨 들어간 거 찾다가 샀는데 만족합니다. 저는 오도현인데 벌써 세 번째 재구매예요.,2026-04-16
R0465,O0465,C092,P051,4,친구가 좋다고 해서 샀는데 만족해요. 복합성인데 자극 없이 잘 썼어요.,2026-05-15
R0466,O0466,C092,P183,5,고민하다 샀는데 잘 산 것 같아요. 향이 세지 않아서 좋아요.,2026-07-23
R0467,O0467,C093,P073,5,친구가 좋다고 해서 샀는데 만족해요. 어성초 들어간 거 찾다가 샀는데 만족합니다. 카톡 아이디 junseo90 입니다.,2025-07-26
R0468,O0468,C093,P131,4,재구매입니다. 향이 세지 않아서 좋아요. 재고 문의는 010 4496 6091 로 부탁드려요.,2026-03-27
R0469,O0469,C093,P187,4,두 통째 쓰는 중이에요. 건성인데 자극 없이 잘 썼어요. 성남 사는 장예지입니다. 배송 빨랐어요.,2026-05-15
R0470,O0470,C093,P106,4,재구매입니다. 세라마이드 들어간 거 찾다가 샀는데 만족합니다.,2026-06-06
R0471,O0471,C094,P045,4,친구가 좋다고 해서 샀는데 만족해요. 비타민C 들어간 거 찾다가 샀는데 만족합니다.,2025-07-29
R0472,O0472,C094,P011,1,환불 고민 중입니다. 생각보다 끈적여서 아침엔 못 쓰겠어요. 궁금하신 분은 010-4676-7281으로 문자주세요.,2025-11-08
R0473,O0473,C094,P024,4,고민하다 샀는데 잘 산 것 같아요. 레티놀 들어간 거 찾다가 샀는데 만족합니다. 재고 문의는 010 4676 7281 로 부탁드려요.,2025-12-30
R0474,O0474,C094,P177,5,친구가 좋다고 해서 샀는데 만족해요. 겉돌던 게 없어졌다는 게 느껴져요.,2026-02-27
R0475,O0475,C094,P040,5,샘플 써보고 본품 구매했어요. 병풀 들어간 거 찾다가 샀는데 만족합니다.,2026-05-13
R0476,O0476,C094,P107,5,친구가 좋다고 해서 샀는데 만족해요. 향이 세지 않아서 좋아요.,2026-07-19
R0477,O0477,C095,P039,2,저랑은 안 맞았어요. 민감성이라 그런지 발랐더니 조금 따가웠어요.,2025-10-10
R0478,O0478,C095,P053,3,가격 생각하면 이 정도는 하는 것 같아요. 민감성인데 자극 없이 잘 썼어요.,2025-10-27
R0479,O0479,C095,P179,2,저랑은 안 맞았어요. 향이 저한테는 좀 강했어요. 성남 사는 장예지입니다. 배송 빨랐어요.,2026-02-06
R0480,O0480,C095,P180,4,샘플 써보고 본품 구매했어요. 콜라겐 들어간 거 찾다가 샀는데 만족합니다.,2026-05-16
R0481,O0481,C095,P006,5,샘플 써보고 본품 구매했어요. 향이 세지 않아서 좋아요.,2026-06-08
R0482,O0482,C095,P071,5,재구매입니다. 향이 세지 않아서 좋아요. 재고 문의는 010 7684 3885 로 부탁드려요.,2026-06-20
R0483,O0483,C096,P058,4,재구매입니다. 눈가가 덜 접힌다는 게 느껴져요. 재고 문의는 010 8495 1422 로 부탁드려요.,2025-08-19
R0484,O0484,C096,P075,5,고민하다 샀는데 잘 산 것 같아요. 프로폴리스 들어간 거 찾다가 샀는데 만족합니다. 신나은님이 추천해줘서 샀어요.,2026-02-25
R0485,O0485,C097,P081,4,샘플 써보고 본품 구매했어요. 산뜻한 제형이라 아침에 쓰기 좋아요. 저는 장하윤인데 벌써 세 번째 재구매예요.,2025-10-14
R0486,O0486,C097,P051,5,두 통째 쓰는 중이에요. 결이 정돈된 느낌이 든다는 게 느껴져요.,2025-11-29
R0487,O0487,C097,P053,5,샘플 써보고 본품 구매했어요. 복합성인데 자극 없이 잘 썼어요. 샘플 문의는 hayoon56@example.com 로 주세요.,2025-12-25
R0488,O0488,C097,P185,4,친구가 좋다고 해서 샀는데 만족해요. 알로에 들어간 거 찾다가 샀는데 만족합니다. 부산 구월동 사는데 근처 매장에도 있더라고요.,2026-01-11
R0489,O0489,C098,P142,4,"샘플 써보고 본품 구매했어요. 가볍게 스미는 제형이라 아침에 쓰기 좋아요. 권재민이라고 하고요, 매장 직원분이 친절했어요.",2025-10-30
R0490,O0490,C098,P019,5,고민하다 샀는데 잘 산 것 같아요. 물처럼 묽은 제형이라 아침에 쓰기 좋아요.,2025-11-09
R0491,O0491,C098,P190,5,재구매입니다. 향이 세지 않아서 좋아요. 저는 권재민인데 벌써 세 번째 재구매예요.,2025-12-29
R0492,O0492,C098,P179,5,고민하다 샀는데 잘 산 것 같아요. 약산성 아미노산 들어간 거 찾다가 샀는데 만족합니다.,2026-02-21
R0493,O0493,C099,P108,4,"샘플 써보고 본품 구매했어요. 눈가가 덜 접힌다는 게 느껴져요. 이다은이라고 하고요, 매장 직원분이 친절했어요.",2025-08-27
R0494,O0494,C099,P062,5,고민하다 샀는데 잘 산 것 같아요. 얼굴이 한 톤 밝아 보인다는 게 느껴져요. 카톡 아이디 junseo25 입니다.,2025-08-30
R0495,O0495,C099,P114,5,재구매입니다. 병풀 들어간 거 찾다가 샀는데 만족합니다.,2025-09-11
R0496,O0496,C099,P046,2,광고를 너무 믿었나 봐요. 향이 저한테는 좀 강했어요.,2026-02-19
R0497,O0497,C099,P194,5,재구매입니다. 지성인데 자극 없이 잘 썼어요.,2026-06-20
R0498,O0498,C099,P170,4,재구매입니다. 물처럼 묽은 제형이라 아침에 쓰기 좋아요.,2026-06-23
R0499,O0499,C099,P043,5,샘플 써보고 본품 구매했어요. 향이 세지 않아서 좋아요.,2026-07-23
R0500,O0500,C100,P078,4,고민하다 샀는데 잘 산 것 같아요. 향이 세지 않아서 좋아요. 카톡 아이디 yujin56 입니다.,2025-07-25
R0501,O0501,C100,P093,1,환불 고민 중입니다. 향이 저한테는 좀 강했어요. 대전 사는 권민준입니다. 배송 빨랐어요.,2025-12-04
R0502,O0502,C100,P066,5,고민하다 샀는데 잘 산 것 같아요. 향이 세지 않아서 좋아요.,2026-01-17
R0503,O0503,C100,P121,5,고민하다 샀는데 잘 산 것 같아요. 속건조가 덜하다는 게 느껴져요.,2026-07-21
R0504,O0504,C101,P148,5,두 통째 쓰는 중이에요. 젤 같은 제형이라 아침에 쓰기 좋아요.,2025-07-07
R0505,O0505,C101,P153,2,광고를 너무 믿었나 봐요. 용량 대비 가격이 아쉬워요. 부산 수지구 사는데 근처 매장에도 있더라고요.,2025-08-01
R0506,O0506,C101,P096,1,다음엔 다른 거 살 것 같아요. 향이 저한테는 좀 강했어요.,2025-08-30
R0507,O0507,C101,P001,4,재구매입니다. 젤 같은 제형이라 아침에 쓰기 좋아요.,2025-09-13
R0508,O0508,C101,P172,1,저랑은 안 맞았어요. 향이 저한테는 좀 강했어요. 재고 문의는 010 5387 7372 로 부탁드려요.,2025-10-30
R0509,O0509,C101,P131,5,샘플 써보고 본품 구매했어요. 지성인데 자극 없이 잘 썼어요.,2025-11-17
R0510,O0510,C101,P078,4,재구매입니다. 향이 세지 않아서 좋아요.,2026-04-25
R0511,O0511,C101,P155,5,친구가 좋다고 해서 샀는데 만족해요. 향이 세지 않아서 좋아요.,2026-04-29
R0512,O0512,C101,P097,5,샘플 써보고 본품 구매했어요. 물처럼 묽은 제형이라 아침에 쓰기 좋아요. 임태윤님이 추천해줘서 샀어요.,2026-05-12
R0513,O0513,C102,P140,3,나쁘진 않은데 특별하진 않네요. 히알루론산 들어간 거 찾다가 샀는데 만족합니다.,2025-09-04
R0514,O0514,C102,P083,5,고민하다 샀는데 잘 산 것 같아요. 탱탱한 느낌이 오래간다는 게 느껴져요. 저는 신보민인데 벌써 세 번째 재구매예요.,2025-11-16
R0515,O0515,C102,P075,5,재구매입니다. 향이 세지 않아서 좋아요. 샘플 문의는 bomin23@example.com 로 주세요.,2026-07-07
R0516,O0516,C103,P123,4,재구매입니다. 향이 세지 않아서 좋아요.,2026-02-01
R0517,O0517,C103,P048,3,나쁘진 않은데 특별하진 않네요. 복합성인데 자극 없이 잘 썼어요.,2026-02-13
R0518,O0518,C103,P162,4,친구가 좋다고 해서 샀는데 만족해요. 복합성인데 자극 없이 잘 썼어요.,2026-05-13
R0519,O0519,C104,P061,5,샘플 써보고 본품 구매했어요. 눈가가 덜 접힌다는 게 느껴져요.,2025-07-16
R0520,O0520,C104,P044,5,친구가 좋다고 해서 샀는데 만족해요. 탱탱한 느낌이 오래간다는 게 느껴져요.,2025-12-22
R0521,O0521,C104,P199,3,무난해요. 탱탱한 느낌이 오래간다는 게 느껴져요.,2026-03-19
R0522,O0522,C104,P197,5,재구매입니다. 눈가가 덜 접힌다는 게 느껴져요. 저는 이지아인데 벌써 세 번째 재구매예요.,2026-06-19
R0523,O0523,C104,P056,4,재구매입니다. 향이 세지 않아서 좋아요.,2026-07-22
R0524,O0524,C105,P128,4,재구매입니다. 민감성인데 자극 없이 잘 썼어요.,2025-09-12
R0525,O0525,C105,P141,4,두 통째 쓰는 중이에요. 꾸덕한 제형이라 아침에 쓰기 좋아요.,2026-03-22
R0526,O0526,C105,P183,5,고민하다 샀는데 잘 산 것 같아요. 향이 세지 않아서 좋아요. 공구 원하시면 01028324775 연락주세요.,2026-06-05
R0527,O0527,C106,P121,4,"고민하다 샀는데 잘 산 것 같아요. 속건조가 덜하다는 게 느껴져요. 안미연이라고 하고요, 매장 직원분이 친절했어요.",2025-08-09
R0528,O0528,C106,P102,4,샘플 써보고 본품 구매했어요. 지성인데 자극 없이 잘 썼어요. 샘플 문의는 miyeon37@example.com 로 주세요.,2025-11-17
R0529,O0529,C106,P041,5,고민하다 샀는데 잘 산 것 같아요. 지성인데 자극 없이 잘 썼어요.,2025-12-22
R0530,O0530,C106,P194,5,두 통째 쓰는 중이에요. 촉촉하게 감싸는 제형이라 아침에 쓰기 좋아요. 저는 안미연인데 벌써 세 번째 재구매예요.,2026-01-11
R0531,O0531,C106,P013,5,두 통째 쓰는 중이에요. 비타민C 들어간 거 찾다가 샀는데 만족합니다.,2026-08-03
R0532,O0532,C106,P103,4,친구가 좋다고 해서 샀는데 만족해요. 비타민C 들어간 거 찾다가 샀는데 만족합니다.,2026-08-04
R0533,O0533,C107,P152,2,저랑은 안 맞았어요. 용량 대비 가격이 아쉬워요. 광주 사는 신미연입니다. 배송 빨랐어요.,2025-08-05
R0534,O0534,C107,P123,5,친구가 좋다고 해서 샀는데 만족해요. 붉은 기가 빨리 가라앉는다는 게 느껴져요.,2025-12-04
R0535,O0535,C107,P121,3,무난해요. 지성인데 자극 없이 잘 썼어요.,2026-01-07
R0536,O0536,C107,P039,3,가격 생각하면 이 정도는 하는 것 같아요. 눈가가 덜 접힌다는 게 느껴져요. 광주 사는 신미연입니다. 배송 빨랐어요.,2026-01-23
R0537,O0537,C107,P078,5,고민하다 샀는데 잘 산 것 같아요. 향이 세지 않아서 좋아요. 궁금하신 분은 010-2842-3735으로 문자주세요.,2026-01-30
R0538,O0538,C107,P144,3,나쁘진 않은데 특별하진 않네요. 가볍게 스미는 제형이라 아침에 쓰기 좋아요. 장혜원님이 추천해줘서 샀어요.,2026-02-09
R0539,O0539,C107,P034,3,무난해요. 향이 세지 않아서 좋아요. 광주 구월동 사는데 근처 매장에도 있더라고요.,2026-04-30
R0540,O0540,C107,P096,4,재구매입니다. 지성인데 자극 없이 잘 썼어요.,2026-05-09
R0541,O0541,C108,P010,1,저랑은 안 맞았어요. 중성이라 그런지 발랐더니 조금 따가웠어요.,2025-11-03
R0542,O0542,C108,P028,4,고민하다 샀는데 잘 산 것 같아요. 꾸덕한 제형이라 아침에 쓰기 좋아요.,2025-12-17
R0543,O0543,C108,P054,5,샘플 써보고 본품 구매했어요. 중성인데 자극 없이 잘 썼어요. 한지훈님이 추천해줘서 샀어요.,2025-12-23
R0544,O0544,C108,P035,3,가격 생각하면 이 정도는 하는 것 같아요. 중성인데 자극 없이 잘 썼어요. 궁금하신 분은 010-7781-6004으로 문자주세요.,2026-04-21
R0545,O0545,C108,P199,5,친구가 좋다고 해서 샀는데 만족해요. 향이 세지 않아서 좋아요. 송예린님이 추천해줘서 샀어요.,2026-05-21
R0546,O0546,C108,P012,5,두 통째 쓰는 중이에요. 비타민C 들어간 거 찾다가 샀는데 만족합니다.,2026-07-12
R0547,O0547,C109,P169,4,친구가 좋다고 해서 샀는데 만족해요. 녹차 들어간 거 찾다가 샀는데 만족합니다.,2026-02-23
R0548,O0548,C109,P124,1,환불 고민 중입니다. 생각보다 끈적여서 아침엔 못 쓰겠어요.,2026-07-25
R0549,O0549,C109,P126,5,친구가 좋다고 해서 샀는데 만족해요. 판테놀 들어간 거 찾다가 샀는데 만족합니다. 카톡 아이디 eunsu95 입니다.,2026-08-03
R0550,O0550,C110,P085,5,샘플 써보고 본품 구매했어요. 꾸덕한 제형이라 아침에 쓰기 좋아요.,2026-05-05
R0551,O0551,C110,P063,5,두 통째 쓰는 중이에요. 가볍게 스미는 제형이라 아침에 쓰기 좋아요.,2026-06-01
R0552,O0552,C111,P149,5,샘플 써보고 본품 구매했어요. 지성인데 자극 없이 잘 썼어요.,2025-09-21
R0553,O0553,C111,P139,3,나쁘진 않은데 특별하진 않네요. 젤 같은 제형이라 아침에 쓰기 좋아요. 안지은 언니가 쓰는 거 보고 따라 샀습니다.,2025-10-02
R0554,O0554,C111,P006,3,기대가 컸나 봐요. 촉촉하게 감싸는 제형이라 아침에 쓰기 좋아요. 정유진님이 추천해줘서 샀어요.,2025-10-29
R0555,O0555,C111,P084,3,기대가 컸나 봐요. 지성인데 자극 없이 잘 썼어요. 공구 원하시면 01099036282 연락주세요.,2025-11-10
R0556,O0556,C111,P091,5,샘플 써보고 본품 구매했어요. 올라오던 게 덜하다는 게 느껴져요. 샘플 문의는 yerin81@example.com 로 주세요.,2026-07-08
R0557,O0557,C112,P046,1,다음엔 다른 거 살 것 같아요. 향이 저한테는 좀 강했어요. 공구 원하시면 01032967920 연락주세요.,2025-07-08
R0558,O0558,C112,P066,1,저랑은 안 맞았어요. 복합성이라 그런지 발랐더니 조금 따가웠어요.,2025-10-12
R0559,O0559,C112,P167,4,재구매입니다. 향이 세지 않아서 좋아요.,2026-01-08
R0560,O0560,C112,P198,1,환불 고민 중입니다. 용량 대비 가격이 아쉬워요.,2026-04-13
R0561,O0561,C112,P109,5,친구가 좋다고 해서 샀는데 만족해요. 향이 세지 않아서 좋아요.,2026-04-27
R0562,O0562,C113,P174,3,가격 생각하면 이 정도는 하는 것 같아요. 촉촉하게 감싸는 제형이라 아침에 쓰기 좋아요. 공구 원하시면 01095896805 연락주세요.,2026-05-27
R0563,O0563,C113,P002,4,고민하다 샀는데 잘 산 것 같아요. 복합성인데 자극 없이 잘 썼어요.,2026-07-19
R0564,O0564,C114,P131,5,샘플 써보고 본품 구매했어요. 향이 세지 않아서 좋아요. 궁금하신 분은 010-2368-1366으로 문자주세요.,2025-08-21
R0565,O0565,C114,P082,5,샘플 써보고 본품 구매했어요. 녹차 들어간 거 찾다가 샀는데 만족합니다.,2025-09-18
R0566,O0566,C114,P179,2,환불 고민 중입니다. 결이 정돈된 느낌이 든다는 잘 모르겠어요. 재고 문의는 010 2368 1366 로 부탁드려요.,2025-11-18
R0567,O0567,C114,P162,5,두 통째 쓰는 중이에요. 가볍게 스미는 제형이라 아침에 쓰기 좋아요.,2026-02-26
R0568,O0568,C114,P145,4,샘플 써보고 본품 구매했어요. 비타민C 들어간 거 찾다가 샀는데 만족합니다. 공구 원하시면 01023681366 연락주세요.,2026-03-22
R0569,O0569,C114,P008,4,재구매입니다. 결이 정돈된 느낌이 든다는 게 느껴져요.,2026-06-13
R0570,O0570,C114,P053,2,저랑은 안 맞았어요. 붉은 기가 빨리 가라앉는다는 잘 모르겠어요.,2026-06-26
R0571,O0571,C114,P089,5,샘플 써보고 본품 구매했어요. 눈가가 덜 접힌다는 게 느껴져요.,2026-07-11
R0572,O0572,C115,P051,5,고민하다 샀는데 잘 산 것 같아요. 꾸덕한 제형이라 아침에 쓰기 좋아요. 대전 사는 정태윤입니다. 배송 빨랐어요.,2025-11-07
R0573,O0573,C115,P165,2,다음엔 다른 거 살 것 같아요. 민감성이라 그런지 발랐더니 조금 따가웠어요.,2026-03-13
R0574,O0574,C115,P085,2,광고를 너무 믿었나 봐요. 탱탱한 느낌이 오래간다는 잘 모르겠어요.,2026-03-23
R0575,O0575,C115,P024,4,재구매입니다. 탱탱한 느낌이 오래간다는 게 느껴져요.,2026-03-30
R0576,O0576,C115,P109,4,샘플 써보고 본품 구매했어요. 얼굴이 한 톤 밝아 보인다는 게 느껴져요.,2026-05-17
R0577,O0577,C115,P033,1,저랑은 안 맞았어요. 용량 대비 가격이 아쉬워요.,2026-07-16
R0578,O0578,C116,P156,3,가격 생각하면 이 정도는 하는 것 같아요. 올라오던 게 덜하다는 게 느껴져요.,2025-08-01
R0579,O0579,C116,P127,3,가격 생각하면 이 정도는 하는 것 같아요. 복합성인데 자극 없이 잘 썼어요. 카톡 아이디 jihoon39 입니다.,2025-09-19
R0580,O0580,C117,P107,4,샘플 써보고 본품 구매했어요. 결이 정돈된 느낌이 든다는 게 느껴져요.,2025-07-14
R0581,O0581,C117,P129,4,두 통째 쓰는 중이에요. 물처럼 묽은 제형이라 아침에 쓰기 좋아요. 저는 송예린인데 벌써 세 번째 재구매예요.,2026-01-11
R0582,O0582,C117,P070,1,환불 고민 중입니다. 겉돌던 게 없어졌다는 잘 모르겠어요.,2026-05-31
R0583,O0583,C117,P124,5,두 통째 쓰는 중이에요. 지성인데 자극 없이 잘 썼어요.,2026-06-15
R0584,O0584,C118,P102,4,샘플 써보고 본품 구매했어요. 세라마이드 들어간 거 찾다가 샀는데 만족합니다.,2025-11-20
R0585,O0585,C118,P185,5,"두 통째 쓰는 중이에요. 복합성인데 자극 없이 잘 썼어요. 이태윤이라고 하고요, 매장 직원분이 친절했어요.",2026-04-15
R0586,O0586,C118,P084,4,재구매입니다. 향이 세지 않아서 좋아요.,2026-07-11
R0587,O0587,C119,P042,4,샘플 써보고 본품 구매했어요. 향이 세지 않아서 좋아요. 대전 사는 조채원입니다. 배송 빨랐어요.,2025-07-31
R0588,O0588,C119,P090,4,고민하다 샀는데 잘 산 것 같아요. 꾸덕한 제형이라 아침에 쓰기 좋아요. 공구 원하시면 01052222190 연락주세요.,2026-04-30
R0589,O0589,C119,P013,1,환불 고민 중입니다. 복합성이라 그런지 발랐더니 조금 따가웠어요.,2026-07-01
R0590,O0590,C120,P030,5,두 통째 쓰는 중이에요. 가볍게 스미는 제형이라 아침에 쓰기 좋아요.,2025-08-25
R0591,O0591,C120,P005,5,친구가 좋다고 해서 샀는데 만족해요. 건성인데 자극 없이 잘 썼어요.,2025-08-25
R0592,O0592,C120,P180,5,"샘플 써보고 본품 구매했어요. 얼굴이 한 톤 밝아 보인다는 게 느껴져요. 황나은이라고 하고요, 매장 직원분이 친절했어요.",2025-12-11
R0593,O0593,C120,P189,5,샘플 써보고 본품 구매했어요. 건성인데 자극 없이 잘 썼어요.,2025-12-14
R0594,O0594,C120,P127,5,고민하다 샀는데 잘 산 것 같아요. 향이 세지 않아서 좋아요.,2025-12-16
R0595,O0595,C120,P130,2,환불 고민 중입니다. 향이 저한테는 좀 강했어요.,2026-05-03
R0596,O0596,C120,P047,5,재구매입니다. 나이아신아마이드 들어간 거 찾다가 샀는데 만족합니다. 공구 원하시면 01051412373 연락주세요.,2026-05-10
R0597,O0597,C121,P084,3,무난해요. 건성인데 자극 없이 잘 썼어요.,2025-07-22
R0598,O0598,C121,P047,1,광고를 너무 믿었나 봐요. 용량 대비 가격이 아쉬워요. 재고 문의는 010 1715 4805 로 부탁드려요.,2025-08-10
R0599,O0599,C121,P041,4,고민하다 샀는데 잘 산 것 같아요. 녹차 들어간 거 찾다가 샀는데 만족합니다. 이지훈님이 추천해줘서 샀어요.,2025-12-15
R0600,O0600,C121,P182,1,환불 고민 중입니다. 건성이라 그런지 발랐더니 조금 따가웠어요.,2026-02-07
R0601,O0601,C121,P005,3,무난해요. 건성인데 자극 없이 잘 썼어요. 공구 원하시면 01017154805 연락주세요.,2026-03-24
R0602,O0602,C121,P072,1,다음엔 다른 거 살 것 같아요. 용량 대비 가격이 아쉬워요.,2026-07-18
R0603,O0603,C122,P031,4,고민하다 샀는데 잘 산 것 같아요. 복합성인데 자극 없이 잘 썼어요. 저는 신보민인데 벌써 세 번째 재구매예요.,2025-09-23
R0604,O0604,C122,P083,4,샘플 써보고 본품 구매했어요. 향이 세지 않아서 좋아요.,2025-09-24
R0605,O0605,C122,P047,5,샘플 써보고 본품 구매했어요. 복합성인데 자극 없이 잘 썼어요. 공구 원하시면 01040217784 연락주세요.,2026-02-14
R0606,O0606,C123,P098,4,두 통째 쓰는 중이에요. 지성인데 자극 없이 잘 썼어요. 재고 문의는 010 4494 5563 로 부탁드려요.,2025-07-27
R0607,O0607,C123,P133,3,기대가 컸나 봐요. 향이 세지 않아서 좋아요.,2025-09-03
R0608,O0608,C123,P093,5,친구가 좋다고 해서 샀는데 만족해요. 향이 세지 않아서 좋아요. 궁금하신 분은 010-4494-5563으로 문자주세요.,2026-02-19
R0609,O0609,C123,P180,5,샘플 써보고 본품 구매했어요. 콜라겐 들어간 거 찾다가 샀는데 만족합니다.,2026-07-14
R0610,O0610,C123,P171,5,재구매입니다. 가볍게 스미는 제형이라 아침에 쓰기 좋아요. 신상우님이 추천해줘서 샀어요.,2026-07-23
R0611,O0611,C124,P099,4,친구가 좋다고 해서 샀는데 만족해요. 촉촉하게 감싸는 제형이라 아침에 쓰기 좋아요. 김지아 언니가 쓰는 거 보고 따라 샀습니다.,2025-07-12
R0612,O0612,C124,P063,5,샘플 써보고 본품 구매했어요. 눈가가 덜 접힌다는 게 느껴져요.,2025-09-17
R0613,O0613,C124,P167,4,샘플 써보고 본품 구매했어요. 향이 세지 않아서 좋아요.,2025-11-03
R0614,O0614,C124,P012,5,"샘플 써보고 본품 구매했어요. 복합성인데 자극 없이 잘 썼어요. 김지훈이라고 하고요, 매장 직원분이 친절했어요.",2026-02-16
R0615,O0615,C124,P096,4,재구매입니다. 향이 세지 않아서 좋아요.,2026-04-12
R0616,O0616,C124,P001,5,친구가 좋다고 해서 샀는데 만족해요. 산뜻한 제형이라 아침에 쓰기 좋아요. 저는 김지훈인데 벌써 세 번째 재구매예요.,2026-06-13
R0617,O0617,C124,P045,3,나쁘진 않은데 특별하진 않네요. 비타민C 들어간 거 찾다가 샀는데 만족합니다.,2026-07-31
R0618,O0618,C125,P187,2,다음엔 다른 거 살 것 같아요. 향이 저한테는 좀 강했어요.,2025-07-17
R0619,O0619,C125,P152,5,샘플 써보고 본품 구매했어요. 젤 같은 제형이라 아침에 쓰기 좋아요.,2025-08-03
R0620,O0620,C125,P073,5,재구매입니다. 어성초 들어간 거 찾다가 샀는데 만족합니다. 수원 사는 황나은입니다. 배송 빨랐어요.,2025-10-07
R0621,O0621,C125,P090,3,무난해요. 콜라겐 들어간 거 찾다가 샀는데 만족합니다.,2025-11-08
R0622,O0622,C125,P055,5,두 통째 쓰는 중이에요. 레티놀 들어간 거 찾다가 샀는데 만족합니다.,2026-01-29
R0623,O0623,C125,P185,1,광고를 너무 믿었나 봐요. 올라오던 게 덜하다는 잘 모르겠어요.,2026-02-11
R0624,O0624,C126,P125,4,고민하다 샀는데 잘 산 것 같아요. 촉촉하게 감싸는 제형이라 아침에 쓰기 좋아요.,2025-10-10
R0625,O0625,C126,P072,5,두 통째 쓰는 중이에요. 판테놀 들어간 거 찾다가 샀는데 만족합니다.,2025-10-28
R0626,O0626,C126,P023,5,두 통째 쓰는 중이에요. 산뜻한 제형이라 아침에 쓰기 좋아요. 대구 사는 임수빈입니다. 배송 빨랐어요.,2025-12-05
R0627,O0627,C126,P146,2,환불 고민 중입니다. 용량 대비 가격이 아쉬워요. 샘플 문의는 subin55@example.com 로 주세요.,2026-02-06
R0628,O0628,C126,P141,5,샘플 써보고 본품 구매했어요. 결이 정돈된 느낌이 든다는 게 느껴져요.,2026-05-17
R0629,O0629,C126,P199,3,나쁘진 않은데 특별하진 않네요. 향이 세지 않아서 좋아요.,2026-05-30
R0630,O0630,C126,P178,1,광고를 너무 믿었나 봐요. 생각보다 끈적여서 아침엔 못 쓰겠어요.,2026-07-01
R0631,O0631,C127,P155,5,재구매입니다. 촉촉하게 감싸는 제형이라 아침에 쓰기 좋아요.,2025-08-23
R0632,O0632,C127,P190,5,샘플 써보고 본품 구매했어요. 어성초 들어간 거 찾다가 샀는데 만족합니다.,2025-10-14
R0633,O0633,C127,P197,5,친구가 좋다고 해서 샀는데 만족해요. 눈가가 덜 접힌다는 게 느껴져요.,2026-05-29
R0634,O0634,C127,P078,5,두 통째 쓰는 중이에요. 얼굴이 한 톤 밝아 보인다는 게 느껴져요. 오지은님이 추천해줘서 샀어요.,2026-06-24
R0635,O0635,C128,P144,4,고민하다 샀는데 잘 산 것 같아요. 나이아신아마이드 들어간 거 찾다가 샀는데 만족합니다. 저는 송도현인데 벌써 세 번째 재구매예요.,2025-07-29
R0636,O0636,C128,P141,5,고민하다 샀는데 잘 산 것 같아요. 민감성인데 자극 없이 잘 썼어요.,2025-12-25
R0637,O0637,C128,P169,5,두 통째 쓰는 중이에요. 산뜻한 제형이라 아침에 쓰기 좋아요.,2026-02-23
R0638,O0638,C129,P110,4,두 통째 쓰는 중이에요. 지성인데 자극 없이 잘 썼어요.,2025-08-09
R0639,O0639,C129,P198,5,고민하다 샀는데 잘 산 것 같아요. 지성인데 자극 없이 잘 썼어요. 재고 문의는 010 4300 6587 로 부탁드려요.,2025-08-19
R0640,O0640,C129,P199,5,친구가 좋다고 해서 샀는데 만족해요. 촉촉하게 감싸는 제형이라 아침에 쓰기 좋아요.,2026-05-14
R0641,O0641,C129,P155,3,기대가 컸나 봐요. 붉은 기가 빨리 가라앉는다는 게 느껴져요.,2026-06-09
R0642,O0642,C130,P176,5,고민하다 샀는데 잘 산 것 같아요. 향이 세지 않아서 좋아요. 저는 조수빈인데 벌써 세 번째 재구매예요.,2025-08-01
R0643,O0643,C130,P149,5,두 통째 쓰는 중이에요. 젤 같은 제형이라 아침에 쓰기 좋아요.,2025-12-06
R0644,O0644,C130,P095,4,고민하다 샀는데 잘 산 것 같아요. 세라마이드 들어간 거 찾다가 샀는데 만족합니다.,2025-12-22
R0645,O0645,C130,P061,4,고민하다 샀는데 잘 산 것 같아요. 중성인데 자극 없이 잘 썼어요. 카톡 아이디 hyewon13 입니다.,2026-03-26
R0646,O0646,C131,P056,3,무난해요. 민감성인데 자극 없이 잘 썼어요.,2025-10-27
R0647,O0647,C131,P156,1,저랑은 안 맞았어요. 올라오던 게 덜하다는 잘 모르겠어요. 재고 문의는 010 2049 4994 로 부탁드려요.,2025-10-28
R0648,O0648,C131,P141,5,두 통째 쓰는 중이에요. 민감성인데 자극 없이 잘 썼어요.,2025-11-30
R0649,O0649,C131,P005,5,고민하다 샀는데 잘 산 것 같아요. 민감성인데 자극 없이 잘 썼어요. 최현우 언니가 쓰는 거 보고 따라 샀습니다.,2026-05-22
R0650,O0650,C131,P004,4,재구매입니다. 탱탱한 느낌이 오래간다는 게 느껴져요.,2026-05-30
R0651,O0651,C132,P164,5,두 통째 쓰는 중이에요. 결이 정돈된 느낌이 든다는 게 느껴져요. 카톡 아이디 yujin68 입니다.,2025-08-11
R0652,O0652,C132,P066,3,무난해요. 촉촉하게 감싸는 제형이라 아침에 쓰기 좋아요. 재고 문의는 010 1820 5447 로 부탁드려요.,2026-04-11
R0653,O0653,C132,P044,3,가격 생각하면 이 정도는 하는 것 같아요. 중성인데 자극 없이 잘 썼어요.,2026-07-16
R0654,O0654,C132,P193,3,기대가 컸나 봐요. 겉돌던 게 없어졌다는 게 느껴져요.,2026-08-03
R0655,O0655,C133,P137,5,재구매입니다. 향이 세지 않아서 좋아요.,2025-07-11
R0656,O0656,C133,P165,4,샘플 써보고 본품 구매했어요. 꾸덕한 제형이라 아침에 쓰기 좋아요.,2026-01-14
R0657,O0657,C133,P075,5,고민하다 샀는데 잘 산 것 같아요. 꾸덕한 제형이라 아침에 쓰기 좋아요.,2026-02-26
R0658,O0658,C133,P087,3,기대가 컸나 봐요. 가볍게 스미는 제형이라 아침에 쓰기 좋아요.,2026-05-28
R0659,O0659,C133,P052,3,가격 생각하면 이 정도는 하는 것 같아요. 꾸덕한 제형이라 아침에 쓰기 좋아요.,2026-07-13
R0660,O0660,C134,P096,5,재구매입니다. 지성인데 자극 없이 잘 썼어요. 용인 구월동 사는데 근처 매장에도 있더라고요.,2025-09-08
R0661,O0661,C134,P005,4,친구가 좋다고 해서 샀는데 만족해요. 결이 정돈된 느낌이 든다는 게 느껴져요.,2025-10-06
R0662,O0662,C134,P195,5,샘플 써보고 본품 구매했어요. 지성인데 자극 없이 잘 썼어요. 재고 문의는 010 7486 5233 로 부탁드려요.,2026-02-27
R0663,O0663,C134,P008,5,재구매입니다. 향이 세지 않아서 좋아요. 재고 문의는 010 7486 5233 로 부탁드려요.,2026-03-03
R0664,O0664,C134,P002,4,재구매입니다. 물처럼 묽은 제형이라 아침에 쓰기 좋아요.,2026-03-21
R0665,O0665,C134,P084,5,친구가 좋다고 해서 샀는데 만족해요. 향이 세지 않아서 좋아요.,2026-08-05
R0666,O0666,C135,P053,4,샘플 써보고 본품 구매했어요. 산뜻한 제형이라 아침에 쓰기 좋아요.,2025-10-19
R0667,O0667,C135,P030,5,두 통째 쓰는 중이에요. 병풀 들어간 거 찾다가 샀는데 만족합니다.,2025-11-12
R0668,O0668,C135,P007,4,재구매입니다. 판테놀 들어간 거 찾다가 샀는데 만족합니다.,2025-12-28
R0669,O0669,C135,P044,5,재구매입니다. 알로에 들어간 거 찾다가 샀는데 만족합니다. 임지은님이 추천해줘서 샀어요.,2026-01-22
R0670,O0670,C135,P164,5,재구매입니다. 프로폴리스 들어간 거 찾다가 샀는데 만족합니다. 저는 이유진인데 벌써 세 번째 재구매예요.,2026-07-31
R0671,O0671,C136,P155,3,가격 생각하면 이 정도는 하는 것 같아요. 물처럼 묽은 제형이라 아침에 쓰기 좋아요.,2025-07-28
R0672,O0672,C136,P068,5,친구가 좋다고 해서 샀는데 만족해요. 물처럼 묽은 제형이라 아침에 쓰기 좋아요.,2025-08-15
R0673,O0673,C137,P153,5,샘플 써보고 본품 구매했어요. 복합성인데 자극 없이 잘 썼어요.,2025-07-07
R0674,O0674,C137,P180,3,기대가 컸나 봐요. 향이 세지 않아서 좋아요. 용인 사는 오지훈입니다. 배송 빨랐어요.,2025-08-11
R0675,O0675,C137,P082,5,샘플 써보고 본품 구매했어요. 녹차 들어간 거 찾다가 샀는데 만족합니다.,2025-10-19
R0676,O0676,C137,P114,1,광고를 너무 믿었나 봐요. 겉돌던 게 없어졌다는 잘 모르겠어요.,2026-01-16
R0677,O0677,C137,P105,5,재구매입니다. 쌀겨 들어간 거 찾다가 샀는데 만족합니다.,2026-03-20
R0678,O0678,C137,P077,2,다음엔 다른 거 살 것 같아요. 생각보다 끈적여서 아침엔 못 쓰겠어요.,2026-03-26
R0679,O0679,C137,P076,1,광고를 너무 믿었나 봐요. 얼굴이 한 톤 밝아 보인다는 잘 모르겠어요.,2026-06-16
R0680,O0680,C137,P196,5,샘플 써보고 본품 구매했어요. 속건조가 덜하다는 게 느껴져요.,2026-07-14
R0681,O0681,C138,P060,3,기대가 컸나 봐요. 병풀 들어간 거 찾다가 샀는데 만족합니다. 재고 문의는 010 7389 4580 로 부탁드려요.,2025-09-01
R0682,O0682,C138,P093,3,나쁘진 않은데 특별하진 않네요. 가볍게 스미는 제형이라 아침에 쓰기 좋아요.,2026-05-24
R0683,O0683,C138,P145,3,나쁘진 않은데 특별하진 않네요. 결이 정돈된 느낌이 든다는 게 느껴져요.,2026-06-02
R0684,O0684,C138,P005,4,샘플 써보고 본품 구매했어요. 향이 세지 않아서 좋아요.,2026-06-30
R0685,O0685,C139,P094,5,두 통째 쓰는 중이에요. 붉은 기가 빨리 가라앉는다는 게 느껴져요.,2025-11-14
R0686,O0686,C139,P155,4,두 통째 쓰는 중이에요. 향이 세지 않아서 좋아요.,2026-04-11
R0687,O0687,C139,P109,4,재구매입니다. 향이 세지 않아서 좋아요. 인천 수성동 사는데 근처 매장에도 있더라고요.,2026-05-27
R0688,O0688,C140,P133,5,재구매입니다. 향이 세지 않아서 좋아요. 용인 사는 임지아입니다. 배송 빨랐어요.,2025-07-15
R0689,O0689,C140,P189,3,가격 생각하면 이 정도는 하는 것 같아요. 속건조가 덜하다는 게 느껴져요.,2025-10-03
R0690,O0690,C140,P009,3,무난해요. 약산성 아미노산 들어간 거 찾다가 샀는데 만족합니다.,2025-10-19
R0691,O0691,C140,P002,4,재구매입니다. 건성인데 자극 없이 잘 썼어요.,2026-04-17
R0692,O0692,C141,P145,5,재구매입니다. 중성인데 자극 없이 잘 썼어요.,2025-08-05
R0693,O0693,C141,P193,3,무난해요. 약산성 아미노산 들어간 거 찾다가 샀는데 만족합니다.,2025-08-21
R0694,O0694,C141,P133,5,친구가 좋다고 해서 샀는데 만족해요. 약산성 아미노산 들어간 거 찾다가 샀는데 만족합니다.,2025-09-27
R0695,O0695,C141,P103,3,나쁘진 않은데 특별하진 않네요. 향이 세지 않아서 좋아요.,2025-10-22
R0696,O0696,C141,P144,1,다음엔 다른 거 살 것 같아요. 탱탱한 느낌이 오래간다는 잘 모르겠어요.,2025-10-26
R0697,O0697,C141,P089,4,두 통째 쓰는 중이에요. 향이 세지 않아서 좋아요.,2025-12-16
R0698,O0698,C141,P082,5,고민하다 샀는데 잘 산 것 같아요. 녹차 들어간 거 찾다가 샀는데 만족합니다. 샘플 문의는 jungwoo98@example.com 로 주세요.,2026-01-03
R0699,O0699,C141,P191,5,친구가 좋다고 해서 샀는데 만족해요. 향이 세지 않아서 좋아요.,2026-04-25
R0700,O0700,C141,P173,1,다음엔 다른 거 살 것 같아요. 생각보다 끈적여서 아침엔 못 쓰겠어요. 저는 임정우인데 벌써 세 번째 재구매예요.,2026-07-10
R0701,O0701,C141,P135,5,친구가 좋다고 해서 샀는데 만족해요. 비타민C 들어간 거 찾다가 샀는데 만족합니다.,2026-08-05
R0702,O0702,C142,P199,2,저랑은 안 맞았어요. 건성이라 그런지 발랐더니 조금 따가웠어요.,2025-08-11
R0703,O0703,C142,P043,5,고민하다 샀는데 잘 산 것 같아요. 탱탱한 느낌이 오래간다는 게 느껴져요.,2025-08-14
R0704,O0704,C142,P166,1,저랑은 안 맞았어요. 건성이라 그런지 발랐더니 조금 따가웠어요.,2025-09-20
R0705,O0705,C142,P141,1,다음엔 다른 거 살 것 같아요. 향이 저한테는 좀 강했어요. 공구 원하시면 01020849373 연락주세요.,2025-10-21
R0706,O0706,C142,P092,3,가격 생각하면 이 정도는 하는 것 같아요. 향이 세지 않아서 좋아요.,2025-11-29
R0707,O0707,C142,P172,3,나쁘진 않은데 특별하진 않네요. 프로폴리스 들어간 거 찾다가 샀는데 만족합니다. 샘플 문의는 jungwoo78@example.com 로 주세요.,2026-01-17
R0708,O0708,C142,P118,4,재구매입니다. 얼굴이 한 톤 밝아 보인다는 게 느껴져요.,2026-03-30
R0709,O0709,C142,P031,3,무난해요. 가볍게 스미는 제형이라 아침에 쓰기 좋아요. 부산 구월동 사는데 근처 매장에도 있더라고요.,2026-04-30
R0710,O0710,C143,P009,4,고민하다 샀는데 잘 산 것 같아요. 가볍게 스미는 제형이라 아침에 쓰기 좋아요.,2025-09-30
R0711,O0711,C143,P088,1,광고를 너무 믿었나 봐요. 용량 대비 가격이 아쉬워요.,2025-10-18
R0712,O0712,C143,P014,5,재구매입니다. 물처럼 묽은 제형이라 아침에 쓰기 좋아요.,2026-04-04
R0713,O0713,C143,P158,1,다음엔 다른 거 살 것 같아요. 얼굴이 한 톤 밝아 보인다는 잘 모르겠어요.,2026-04-14
R0714,O0714,C144,P101,4,샘플 써보고 본품 구매했어요. 향이 세지 않아서 좋아요. 광주 수지구 사는데 근처 매장에도 있더라고요.,2025-11-15
R0715,O0715,C144,P071,4,재구매입니다. 약산성 아미노산 들어간 거 찾다가 샀는데 만족합니다.,2026-03-26
R0716,O0716,C144,P193,3,가격 생각하면 이 정도는 하는 것 같아요. 향이 세지 않아서 좋아요.,2026-04-23
R0717,O0717,C144,P164,5,친구가 좋다고 해서 샀는데 만족해요. 건성인데 자극 없이 잘 썼어요. 임우진 언니가 쓰는 거 보고 따라 샀습니다.,2026-04-23
R0718,O0718,C144,P168,5,친구가 좋다고 해서 샀는데 만족해요. 향이 세지 않아서 좋아요.,2026-07-27
R0719,O0719,C145,P194,5,두 통째 쓰는 중이에요. 녹차 들어간 거 찾다가 샀는데 만족합니다.,2025-11-15
R0720,O0720,C145,P049,4,고민하다 샀는데 잘 산 것 같아요. 세라마이드 들어간 거 찾다가 샀는데 만족합니다.,2025-12-29
R0721,O0721,C145,P152,3,나쁘진 않은데 특별하진 않네요. 붉은 기가 빨리 가라앉는다는 게 느껴져요.,2026-05-10
R0722,O0722,C145,P133,5,두 통째 쓰는 중이에요. 얼굴이 한 톤 밝아 보인다는 게 느껴져요. 공구 원하시면 01033881863 연락주세요.,2026-06-07
R0723,O0723,C145,P113,4,두 통째 쓰는 중이에요. 지성인데 자극 없이 잘 썼어요.,2026-06-10
R0724,O0724,C146,P198,4,샘플 써보고 본품 구매했어요. 물처럼 묽은 제형이라 아침에 쓰기 좋아요.,2025-07-08
R0725,O0725,C146,P108,4,고민하다 샀는데 잘 산 것 같아요. 향이 세지 않아서 좋아요. 권미연 언니가 쓰는 거 보고 따라 샀습니다.,2025-07-17
R0726,O0726,C146,P116,3,나쁘진 않은데 특별하진 않네요. 젤 같은 제형이라 아침에 쓰기 좋아요. 저는 송다은인데 벌써 세 번째 재구매예요.,2025-10-27
R0727,O0727,C146,P176,5,두 통째 쓰는 중이에요. 눈가가 덜 접힌다는 게 느껴져요. 대전 사는 송다은입니다. 배송 빨랐어요.,2025-11-10
R0728,O0728,C146,P136,4,친구가 좋다고 해서 샀는데 만족해요. 건성인데 자극 없이 잘 썼어요.,2026-05-30
R0729,O0729,C146,P092,5,두 통째 쓰는 중이에요. 쌀겨 들어간 거 찾다가 샀는데 만족합니다.,2026-06-21
R0730,O0730,C146,P155,2,환불 고민 중입니다. 붉은 기가 빨리 가라앉는다는 잘 모르겠어요. 샘플 문의는 daeun78@example.com 로 주세요.,2026-07-26
R0731,O0731,C147,P062,5,재구매입니다. 촉촉하게 감싸는 제형이라 아침에 쓰기 좋아요.,2025-07-10
R0732,O0732,C147,P002,4,고민하다 샀는데 잘 산 것 같아요. 향이 세지 않아서 좋아요.,2025-07-20
R0733,O0733,C147,P070,3,기대가 컸나 봐요. 촉촉하게 감싸는 제형이라 아침에 쓰기 좋아요. 샘플 문의는 bomin92@example.com 로 주세요.,2026-04-20
R0734,O0734,C147,P106,3,기대가 컸나 봐요. 촉촉하게 감싸는 제형이라 아침에 쓰기 좋아요.,2026-04-23
R0735,O0735,C148,P102,4,고민하다 샀는데 잘 산 것 같아요. 향이 세지 않아서 좋아요.,2025-08-24
R0736,O0736,C148,P106,5,재구매입니다. 향이 세지 않아서 좋아요. 인천 영통동 사는데 근처 매장에도 있더라고요.,2025-10-18
R0737,O0737,C148,P023,5,고민하다 샀는데 잘 산 것 같아요. 가볍게 스미는 제형이라 아침에 쓰기 좋아요. 카톡 아이디 minjun73 입니다.,2025-10-19
R0738,O0738,C148,P143,4,두 통째 쓰는 중이에요. 물처럼 묽은 제형이라 아침에 쓰기 좋아요. 인천 영통동 사는데 근처 매장에도 있더라고요.,2026-04-14
R0739,O0739,C149,P006,3,무난해요. 판테놀 들어간 거 찾다가 샀는데 만족합니다.,2025-11-26
R0740,O0740,C149,P179,5,친구가 좋다고 해서 샀는데 만족해요. 향이 세지 않아서 좋아요. 샘플 문의는 subin78@example.com 로 주세요.,2026-05-05
R0741,O0741,C149,P066,5,재구매입니다. 건성인데 자극 없이 잘 썼어요.,2026-07-07
R0742,O0742,C150,P063,5,재구매입니다. 복합성인데 자극 없이 잘 썼어요.,2025-08-02
R0743,O0743,C150,P087,4,고민하다 샀는데 잘 산 것 같아요. 붉은 기가 빨리 가라앉는다는 게 느껴져요.,2025-11-18
R0744,O0744,C150,P123,1,환불 고민 중입니다. 생각보다 끈적여서 아침엔 못 쓰겠어요. 재고 문의는 010 6179 2116 로 부탁드려요.,2025-11-23
R0745,O0745,C150,P154,5,샘플 써보고 본품 구매했어요. 히알루론산 들어간 거 찾다가 샀는데 만족합니다. 용인 사는 박하윤입니다. 배송 빨랐어요.,2026-01-26
R0746,O0746,C150,P004,4,친구가 좋다고 해서 샀는데 만족해요. 콜라겐 들어간 거 찾다가 샀는데 만족합니다.,2026-06-01
R0747,O0747,C150,P169,5,고민하다 샀는데 잘 산 것 같아요. 눈가가 덜 접힌다는 게 느껴져요. 강예지님이 추천해줘서 샀어요.,2026-07-19
R0748,O0748,C151,P072,5,"재구매입니다. 판테놀 들어간 거 찾다가 샀는데 만족합니다. 김하윤이라고 하고요, 매장 직원분이 친절했어요.",2025-08-03
R0749,O0749,C151,P001,2,다음엔 다른 거 살 것 같아요. 중성이라 그런지 발랐더니 조금 따가웠어요.,2025-09-02
R0750,O0750,C151,P078,4,재구매입니다. 산뜻한 제형이라 아침에 쓰기 좋아요.,2026-03-07
R0751,O0751,C151,P105,2,저랑은 안 맞았어요. 용량 대비 가격이 아쉬워요.,2026-03-15
R0752,O0752,C151,P061,5,두 통째 쓰는 중이에요. 향이 세지 않아서 좋아요.,2026-05-18
R0753,O0753,C151,P172,4,고민하다 샀는데 잘 산 것 같아요. 프로폴리스 들어간 거 찾다가 샀는데 만족합니다.,2026-06-06
R0754,O0754,C152,P149,4,재구매입니다. 향이 세지 않아서 좋아요. 강시우 언니가 쓰는 거 보고 따라 샀습니다.,2025-09-04
R0755,O0755,C152,P024,5,친구가 좋다고 해서 샀는데 만족해요. 가볍게 스미는 제형이라 아침에 쓰기 좋아요. 오다은님이 추천해줘서 샀어요.,2025-11-30
R0756,O0756,C152,P052,5,두 통째 쓰는 중이에요. 복합성인데 자극 없이 잘 썼어요.,2025-12-16
R0757,O0757,C152,P034,4,샘플 써보고 본품 구매했어요. 향이 세지 않아서 좋아요.,2026-02-08
R0758,O0758,C152,P126,3,기대가 컸나 봐요. 붉은 기가 빨리 가라앉는다는 게 느껴져요. 카톡 아이디 soyul89 입니다.,2026-03-30
R0759,O0759,C152,P016,5,샘플 써보고 본품 구매했어요. 병풀 들어간 거 찾다가 샀는데 만족합니다.,2026-07-29
R0760,O0760,C153,P034,4,재구매입니다. 복합성인데 자극 없이 잘 썼어요.,2025-08-17
R0761,O0761,C153,P029,4,친구가 좋다고 해서 샀는데 만족해요. 향이 세지 않아서 좋아요.,2025-12-03
R0762,O0762,C153,P170,5,두 통째 쓰는 중이에요. 꾸덕한 제형이라 아침에 쓰기 좋아요. 광주 사는 이다은입니다. 배송 빨랐어요.,2026-01-08
R0763,O0763,C154,P168,4,재구매입니다. 꾸덕한 제형이라 아침에 쓰기 좋아요.,2025-08-22
R0764,O0764,C154,P025,3,무난해요. 꾸덕한 제형이라 아침에 쓰기 좋아요.,2026-01-03
R0765,O0765,C154,P072,5,친구가 좋다고 해서 샀는데 만족해요. 향이 세지 않아서 좋아요. 궁금하신 분은 010-5271-4229으로 문자주세요.,2026-02-04
R0766,O0766,C154,P156,5,재구매입니다. 약산성 아미노산 들어간 거 찾다가 샀는데 만족합니다.,2026-06-11
R0767,O0767,C154,P079,2,환불 고민 중입니다. 생각보다 끈적여서 아침엔 못 쓰겠어요.,2026-07-17
R0768,O0768,C155,P191,2,광고를 너무 믿었나 봐요. 생각보다 끈적여서 아침엔 못 쓰겠어요.,2025-10-14
R0769,O0769,C155,P168,1,다음엔 다른 거 살 것 같아요. 생각보다 끈적여서 아침엔 못 쓰겠어요.,2025-10-22
R0770,O0770,C155,P091,4,고민하다 샀는데 잘 산 것 같아요. 쌀겨 들어간 거 찾다가 샀는데 만족합니다.,2025-12-01
R0771,O0771,C155,P047,4,두 통째 쓰는 중이에요. 올라오던 게 덜하다는 게 느껴져요.,2025-12-18
R0772,O0772,C155,P080,5,고민하다 샀는데 잘 산 것 같아요. 향이 세지 않아서 좋아요.,2026-03-15
R0773,O0773,C155,P107,4,고민하다 샀는데 잘 산 것 같아요. 촉촉하게 감싸는 제형이라 아침에 쓰기 좋아요.,2026-05-12
R0774,O0774,C155,P113,4,고민하다 샀는데 잘 산 것 같아요. 향이 세지 않아서 좋아요.,2026-06-24
R0775,O0775,C155,P169,4,친구가 좋다고 해서 샀는데 만족해요. 녹차 들어간 거 찾다가 샀는데 만족합니다. 샘플 문의는 yeji68@example.com 로 주세요.,2026-07-27
R0776,O0776,C156,P165,5,재구매입니다. 쌀겨 들어간 거 찾다가 샀는데 만족합니다. 저는 한태윤인데 벌써 세 번째 재구매예요.,2025-08-15
R0777,O0777,C156,P161,4,재구매입니다. 눈가가 덜 접힌다는 게 느껴져요.,2025-08-26
R0778,O0778,C156,P123,3,가격 생각하면 이 정도는 하는 것 같아요. 녹차 들어간 거 찾다가 샀는데 만족합니다. 김유진 언니가 쓰는 거 보고 따라 샀습니다.,2025-11-06
R0779,O0779,C156,P037,3,"무난해요. 건성인데 자극 없이 잘 썼어요. 한태윤이라고 하고요, 매장 직원분이 친절했어요.",2026-01-28
R0780,O0780,C156,P132,5,친구가 좋다고 해서 샀는데 만족해요. 가볍게 스미는 제형이라 아침에 쓰기 좋아요. 재고 문의는 010 7947 9964 로 부탁드려요.,2026-01-31
R0781,O0781,C156,P186,4,친구가 좋다고 해서 샀는데 만족해요. 나이아신아마이드 들어간 거 찾다가 샀는데 만족합니다. 재고 문의는 010 7947 9964 로 부탁드려요.,2026-02-16
R0782,O0782,C156,P042,5,"친구가 좋다고 해서 샀는데 만족해요. 속건조가 덜하다는 게 느껴져요. 한태윤이라고 하고요, 매장 직원분이 친절했어요.",2026-02-17
R0783,O0783,C156,P116,4,두 통째 쓰는 중이에요. 건성인데 자극 없이 잘 썼어요. 공구 원하시면 01079479964 연락주세요.,2026-02-21
R0784,O0784,C157,P037,4,고민하다 샀는데 잘 산 것 같아요. 녹차 들어간 거 찾다가 샀는데 만족합니다.,2025-08-18
R0785,O0785,C157,P080,4,재구매입니다. 탱탱한 느낌이 오래간다는 게 느껴져요.,2025-09-25
R0786,O0786,C157,P039,3,기대가 컸나 봐요. 향이 세지 않아서 좋아요. 샘플 문의는 gaeun13@example.com 로 주세요.,2025-10-25
R0787,O0787,C157,P137,3,가격 생각하면 이 정도는 하는 것 같아요. 속건조가 덜하다는 게 느껴져요.,2026-02-05
R0788,O0788,C157,P055,4,샘플 써보고 본품 구매했어요. 물처럼 묽은 제형이라 아침에 쓰기 좋아요.,2026-03-19
R0789,O0789,C158,P137,5,재구매입니다. 레티놀 들어간 거 찾다가 샀는데 만족합니다. 재고 문의는 010 1395 8728 로 부탁드려요.,2025-09-08
R0790,O0790,C158,P022,5,두 통째 쓰는 중이에요. 산뜻한 제형이라 아침에 쓰기 좋아요. 공구 원하시면 01013958728 연락주세요.,2025-10-31
R0791,O0791,C158,P034,2,환불 고민 중입니다. 용량 대비 가격이 아쉬워요.,2025-11-21
R0792,O0792,C158,P149,3,기대가 컸나 봐요. 물처럼 묽은 제형이라 아침에 쓰기 좋아요.,2026-04-12
R0793,O0793,C158,P082,4,"두 통째 쓰는 중이에요. 지성인데 자극 없이 잘 썼어요. 강가은이라고 하고요, 매장 직원분이 친절했어요.",2026-06-13
R0794,O0794,C159,P199,4,두 통째 쓰는 중이에요. 약산성 아미노산 들어간 거 찾다가 샀는데 만족합니다.,2025-12-14
R0795,O0795,C159,P123,3,가격 생각하면 이 정도는 하는 것 같아요. 녹차 들어간 거 찾다가 샀는데 만족합니다.,2026-01-06
R0796,O0796,C159,P154,5,샘플 써보고 본품 구매했어요. 젤 같은 제형이라 아침에 쓰기 좋아요.,2026-02-23
R0797,O0797,C159,P066,3,나쁘진 않은데 특별하진 않네요. 약산성 아미노산 들어간 거 찾다가 샀는데 만족합니다. 공구 원하시면 01011401519 연락주세요.,2026-04-30
R0798,O0798,C160,P057,4,재구매입니다. 탱탱한 느낌이 오래간다는 게 느껴져요.,2025-09-21
R0799,O0799,C160,P135,5,고민하다 샀는데 잘 산 것 같아요. 향이 세지 않아서 좋아요.,2025-09-22
R0800,O0800,C160,P029,3,무난해요. 콜라겐 들어간 거 찾다가 샀는데 만족합니다.,2025-11-16
R0801,O0801,C160,P195,5,재구매입니다. 히알루론산 들어간 거 찾다가 샀는데 만족합니다.,2026-03-22
R0802,O0802,C160,P091,5,두 통째 쓰는 중이에요. 올라오던 게 덜하다는 게 느껴져요. 카톡 아이디 jungwoo49 입니다.,2026-05-15
R0803,O0803,C160,P126,2,환불 고민 중입니다. 향이 저한테는 좀 강했어요.,2026-05-17
R0804,O0804,C160,P139,5,친구가 좋다고 해서 샀는데 만족해요. 히알루론산 들어간 거 찾다가 샀는데 만족합니다.,2026-06-08
R0805,O0805,C160,P093,4,재구매입니다. 가볍게 스미는 제형이라 아침에 쓰기 좋아요. 용인 사는 김현우입니다. 배송 빨랐어요.,2026-08-05
R0806,O0806,C161,P136,4,"고민하다 샀는데 잘 산 것 같아요. 산뜻한 제형이라 아침에 쓰기 좋아요. 정시우이라고 하고요, 매장 직원분이 친절했어요.",2025-09-05
R0807,O0807,C161,P059,5,샘플 써보고 본품 구매했어요. 향이 세지 않아서 좋아요.,2026-02-04
R0808,O0808,C161,P002,1,광고를 너무 믿었나 봐요. 향이 저한테는 좀 강했어요. 천안 사는 정시우입니다. 배송 빨랐어요.,2026-03-25
R0809,O0809,C162,P118,3,나쁘진 않은데 특별하진 않네요. 히알루론산 들어간 거 찾다가 샀는데 만족합니다.,2026-03-30
R0810,O0810,C162,P031,5,고민하다 샀는데 잘 산 것 같아요. 젤 같은 제형이라 아침에 쓰기 좋아요. 대구 사는 조유진입니다. 배송 빨랐어요.,2026-06-13
R0811,O0811,C163,P109,5,재구매입니다. 얼굴이 한 톤 밝아 보인다는 게 느껴져요. 재고 문의는 010 5314 6472 로 부탁드려요.,2025-07-20
R0812,O0812,C163,P185,5,친구가 좋다고 해서 샀는데 만족해요. 알로에 들어간 거 찾다가 샀는데 만족합니다. 샘플 문의는 jaemin24@example.com 로 주세요.,2025-11-04
R0813,O0813,C163,P077,2,환불 고민 중입니다. 용량 대비 가격이 아쉬워요. 송하윤 언니가 쓰는 거 보고 따라 샀습니다.,2025-12-18
R0814,O0814,C164,P131,3,기대가 컸나 봐요. 올라오던 게 덜하다는 게 느껴져요.,2025-10-24
R0815,O0815,C164,P196,5,두 통째 쓰는 중이에요. 쌀겨 들어간 거 찾다가 샀는데 만족합니다.,2026-06-17
R0816,O0816,C164,P101,5,샘플 써보고 본품 구매했어요. 젤 같은 제형이라 아침에 쓰기 좋아요. 저는 정은수인데 벌써 세 번째 재구매예요.,2026-08-02
R0817,O0817,C165,P163,5,두 통째 쓰는 중이에요. 민감성인데 자극 없이 잘 썼어요.,2025-07-21
R0818,O0818,C165,P153,2,다음엔 다른 거 살 것 같아요. 얼굴이 한 톤 밝아 보인다는 잘 모르겠어요.,2025-11-02
R0819,O0819,C165,P142,4,두 통째 쓰는 중이에요. 어성초 들어간 거 찾다가 샀는데 만족합니다.,2025-12-04
R0820,O0820,C165,P161,4,친구가 좋다고 해서 샀는데 만족해요. 눈가가 덜 접힌다는 게 느껴져요.,2025-12-11
R0821,O0821,C165,P089,5,샘플 써보고 본품 구매했어요. 민감성인데 자극 없이 잘 썼어요.,2026-07-22
R0822,O0822,C165,P143,3,기대가 컸나 봐요. 속건조가 덜하다는 게 느껴져요.,2026-07-31
R0823,O0823,C166,P169,4,재구매입니다. 눈가가 덜 접힌다는 게 느껴져요.,2025-11-06
R0824,O0824,C166,P196,4,고민하다 샀는데 잘 산 것 같아요. 물처럼 묽은 제형이라 아침에 쓰기 좋아요. 인천 불당동 사는데 근처 매장에도 있더라고요.,2026-01-19
R0825,O0825,C166,P191,3,기대가 컸나 봐요. 복합성인데 자극 없이 잘 썼어요.,2026-01-25
R0826,O0826,C166,P029,5,고민하다 샀는데 잘 산 것 같아요. 콜라겐 들어간 거 찾다가 샀는데 만족합니다.,2026-04-05
R0827,O0827,C167,P158,4,친구가 좋다고 해서 샀는데 만족해요. 어성초 들어간 거 찾다가 샀는데 만족합니다. 대전 영통동 사는데 근처 매장에도 있더라고요.,2025-11-15
R0828,O0828,C167,P109,4,두 통째 쓰는 중이에요. 꾸덕한 제형이라 아침에 쓰기 좋아요.,2025-12-09
R0829,O0829,C167,P138,4,고민하다 샀는데 잘 산 것 같아요. 복합성인데 자극 없이 잘 썼어요.,2026-05-19
R0830,O0830,C167,P117,5,샘플 써보고 본품 구매했어요. 탱탱한 느낌이 오래간다는 게 느껴져요. 카톡 아이디 hyewon88 입니다.,2026-06-01
R0831,O0831,C168,P123,1,광고를 너무 믿었나 봐요. 생각보다 끈적여서 아침엔 못 쓰겠어요.,2025-09-10
R0832,O0832,C168,P080,4,두 통째 쓰는 중이에요. 촉촉하게 감싸는 제형이라 아침에 쓰기 좋아요.,2025-11-17
R0833,O0833,C168,P085,5,두 통째 쓰는 중이에요. 탱탱한 느낌이 오래간다는 게 느껴져요.,2025-12-05
R0834,O0834,C168,P179,4,친구가 좋다고 해서 샀는데 만족해요. 결이 정돈된 느낌이 든다는 게 느껴져요.,2026-02-15
R0835,O0835,C168,P100,4,두 통째 쓰는 중이에요. 올라오던 게 덜하다는 게 느껴져요. 샘플 문의는 jieun57@example.com 로 주세요.,2026-07-31
R0836,O0836,C169,P137,4,친구가 좋다고 해서 샀는데 만족해요. 향이 세지 않아서 좋아요. 송민준님이 추천해줘서 샀어요.,2025-08-24
R0837,O0837,C169,P176,5,재구매입니다. 물처럼 묽은 제형이라 아침에 쓰기 좋아요.,2025-10-02
R0838,O0838,C169,P105,4,친구가 좋다고 해서 샀는데 만족해요. 지성인데 자극 없이 잘 썼어요. 장준서님이 추천해줘서 샀어요.,2026-02-16
R0839,O0839,C169,P141,4,두 통째 쓰는 중이에요. 지성인데 자극 없이 잘 썼어요.,2026-06-16
R0840,O0840,C169,P183,2,다음엔 다른 거 살 것 같아요. 얼굴이 한 톤 밝아 보인다는 잘 모르겠어요.,2026-07-02
R0841,O0841,C170,P090,5,친구가 좋다고 해서 샀는데 만족해요. 콜라겐 들어간 거 찾다가 샀는데 만족합니다. 공구 원하시면 01080328698 연락주세요.,2025-11-14
R0842,O0842,C170,P153,3,기대가 컸나 봐요. 판테놀 들어간 거 찾다가 샀는데 만족합니다.,2026-02-15
R0843,O0843,C170,P005,4,샘플 써보고 본품 구매했어요. 나이아신아마이드 들어간 거 찾다가 샀는데 만족합니다. 권지아 언니가 쓰는 거 보고 따라 샀습니다.,2026-03-19
R0844,O0844,C171,P155,3,나쁘진 않은데 특별하진 않네요. 세라마이드 들어간 거 찾다가 샀는데 만족합니다. 조지은 언니가 쓰는 거 보고 따라 샀습니다.,2025-08-04
R0845,O0845,C171,P061,5,재구매입니다. 중성인데 자극 없이 잘 썼어요. 재고 문의는 010 7817 5057 로 부탁드려요.,2025-09-18
R0846,O0846,C171,P147,4,샘플 써보고 본품 구매했어요. 올라오던 게 덜하다는 게 느껴져요. 신정우 언니가 쓰는 거 보고 따라 샀습니다.,2025-10-02
R0847,O0847,C171,P042,3,나쁘진 않은데 특별하진 않네요. 콜라겐 들어간 거 찾다가 샀는데 만족합니다. 카톡 아이디 jihoon75 입니다.,2025-10-05
R0848,O0848,C171,P068,5,재구매입니다. 중성인데 자극 없이 잘 썼어요.,2026-01-24
R0849,O0849,C171,P183,1,환불 고민 중입니다. 중성이라 그런지 발랐더니 조금 따가웠어요. 대구 일산동 사는데 근처 매장에도 있더라고요.,2026-04-19
R0850,O0850,C171,P137,4,재구매입니다. 향이 세지 않아서 좋아요.,2026-07-11
R0851,O0851,C171,P130,4,샘플 써보고 본품 구매했어요. 올라오던 게 덜하다는 게 느껴져요. 대구 일산동 사는데 근처 매장에도 있더라고요.,2026-07-30
R0852,O0852,C172,P057,5,재구매입니다. 지성인데 자극 없이 잘 썼어요.,2025-12-18
R0853,O0853,C172,P194,3,무난해요. 향이 세지 않아서 좋아요. 궁금하신 분은 010-1288-2157으로 문자주세요.,2026-02-18
R0854,O0854,C172,P099,4,두 통째 쓰는 중이에요. 프로폴리스 들어간 거 찾다가 샀는데 만족합니다.,2026-04-14
R0855,O0855,C173,P154,5,고민하다 샀는데 잘 산 것 같아요. 향이 세지 않아서 좋아요.,2026-03-03
R0856,O0856,C173,P138,4,샘플 써보고 본품 구매했어요. 겉돌던 게 없어졌다는 게 느껴져요.,2026-05-08
R0857,O0857,C173,P180,4,재구매입니다. 복합성인데 자극 없이 잘 썼어요.,2026-06-03
R0858,O0858,C174,P011,5,두 통째 쓰는 중이에요. 세라마이드 들어간 거 찾다가 샀는데 만족합니다. 궁금하신 분은 010-5066-3285으로 문자주세요.,2026-02-16
R0859,O0859,C174,P033,3,가격 생각하면 이 정도는 하는 것 같아요. 히알루론산 들어간 거 찾다가 샀는데 만족합니다.,2026-03-10
R0860,O0860,C174,P174,4,샘플 써보고 본품 구매했어요. 중성인데 자극 없이 잘 썼어요. 카톡 아이디 jungwoo42 입니다.,2026-03-11
R0861,O0861,C174,P023,1,환불 고민 중입니다. 생각보다 끈적여서 아침엔 못 쓰겠어요.,2026-03-29
R0862,O0862,C175,P195,4,고민하다 샀는데 잘 산 것 같아요. 향이 세지 않아서 좋아요.,2025-07-15
R0863,O0863,C175,P014,3,나쁘진 않은데 특별하진 않네요. 올라오던 게 덜하다는 게 느껴져요. 저는 조하윤인데 벌써 세 번째 재구매예요.,2025-12-10
R0864,O0864,C175,P158,5,친구가 좋다고 해서 샀는데 만족해요. 어성초 들어간 거 찾다가 샀는데 만족합니다.,2026-02-08
R0865,O0865,C175,P113,3,나쁘진 않은데 특별하진 않네요. 탱탱한 느낌이 오래간다는 게 느껴져요.,2026-07-07
R0866,O0866,C176,P059,2,다음엔 다른 거 살 것 같아요. 결이 정돈된 느낌이 든다는 잘 모르겠어요.,2025-07-19
R0867,O0867,C176,P188,4,두 통째 쓰는 중이에요. 히알루론산 들어간 거 찾다가 샀는데 만족합니다.,2025-09-28
R0868,O0868,C176,P012,3,무난해요. 촉촉하게 감싸는 제형이라 아침에 쓰기 좋아요.,2025-11-09
R0869,O0869,C176,P033,4,샘플 써보고 본품 구매했어요. 물처럼 묽은 제형이라 아침에 쓰기 좋아요.,2025-12-15
R0870,O0870,C176,P079,5,"친구가 좋다고 해서 샀는데 만족해요. 판테놀 들어간 거 찾다가 샀는데 만족합니다. 권다은이라고 하고요, 매장 직원분이 친절했어요.",2026-02-22
R0871,O0871,C176,P117,5,재구매입니다. 탱탱한 느낌이 오래간다는 게 느껴져요. 김가은 언니가 쓰는 거 보고 따라 샀습니다.,2026-04-27
R0872,O0872,C177,P156,1,저랑은 안 맞았어요. 용량 대비 가격이 아쉬워요.,2025-07-07
R0873,O0873,C177,P155,5,샘플 써보고 본품 구매했어요. 붉은 기가 빨리 가라앉는다는 게 느껴져요.,2026-03-29
R0874,O0874,C177,P145,2,환불 고민 중입니다. 용량 대비 가격이 아쉬워요. 카톡 아이디 siwoo89 입니다.,2026-07-31
R0875,O0875,C178,P153,2,저랑은 안 맞았어요. 생각보다 끈적여서 아침엔 못 쓰겠어요. 재고 문의는 010 3540 9316 로 부탁드려요.,2025-12-21
R0876,O0876,C178,P117,3,나쁘진 않은데 특별하진 않네요. 탱탱한 느낌이 오래간다는 게 느껴져요. 저는 정도현인데 벌써 세 번째 재구매예요.,2026-01-23
R0877,O0877,C178,P191,5,고민하다 샀는데 잘 산 것 같아요. 얼굴이 한 톤 밝아 보인다는 게 느껴져요. 카톡 아이디 donghyun44 입니다.,2026-02-15
R0878,O0878,C178,P167,4,두 통째 쓰는 중이에요. 쌀겨 들어간 거 찾다가 샀는데 만족합니다.,2026-03-28
R0879,O0879,C179,P032,5,친구가 좋다고 해서 샀는데 만족해요. 세라마이드 들어간 거 찾다가 샀는데 만족합니다.,2025-09-01
R0880,O0880,C179,P192,4,두 통째 쓰는 중이에요. 향이 세지 않아서 좋아요.,2025-10-07
R0881,O0881,C179,P010,5,샘플 써보고 본품 구매했어요. 건성인데 자극 없이 잘 썼어요. 공구 원하시면 01074254433 연락주세요.,2025-11-30
R0882,O0882,C179,P128,3,"가격 생각하면 이 정도는 하는 것 같아요. 향이 세지 않아서 좋아요. 안미연이라고 하고요, 매장 직원분이 친절했어요.",2026-02-14
R0883,O0883,C179,P166,4,두 통째 쓰는 중이에요. 향이 세지 않아서 좋아요. 궁금하신 분은 010-7425-4433으로 문자주세요.,2026-02-19
R0884,O0884,C179,P068,4,샘플 써보고 본품 구매했어요. 세라마이드 들어간 거 찾다가 샀는데 만족합니다.,2026-07-14
R0885,O0885,C179,P033,4,샘플 써보고 본품 구매했어요. 향이 세지 않아서 좋아요.,2026-07-30
R0886,O0886,C180,P006,5,두 통째 쓰는 중이에요. 올라오던 게 덜하다는 게 느껴져요.,2025-07-10
R0887,O0887,C180,P049,4,친구가 좋다고 해서 샀는데 만족해요. 지성인데 자극 없이 잘 썼어요.,2025-12-24
R0888,O0888,C180,P172,1,광고를 너무 믿었나 봐요. 생각보다 끈적여서 아침엔 못 쓰겠어요.,2026-01-17
R0889,O0889,C180,P187,5,두 통째 쓰는 중이에요. 얼굴이 한 톤 밝아 보인다는 게 느껴져요.,2026-02-26
R0890,O0890,C180,P043,5,샘플 써보고 본품 구매했어요. 가볍게 스미는 제형이라 아침에 쓰기 좋아요. 재고 문의는 010 4706 9160 로 부탁드려요.,2026-05-07
R0891,O0891,C181,P170,5,친구가 좋다고 해서 샀는데 만족해요. 세라마이드 들어간 거 찾다가 샀는데 만족합니다. 샘플 문의는 yerin55@example.com 로 주세요.,2025-08-02
R0892,O0892,C181,P024,1,환불 고민 중입니다. 지성이라 그런지 발랐더니 조금 따가웠어요.,2025-08-22
R0893,O0893,C181,P194,3,나쁘진 않은데 특별하진 않네요. 지성인데 자극 없이 잘 썼어요.,2025-10-15
R0894,O0894,C181,P011,5,고민하다 샀는데 잘 산 것 같아요. 향이 세지 않아서 좋아요. 재고 문의는 010 1159 8256 로 부탁드려요.,2025-12-27
R0895,O0895,C181,P190,5,샘플 써보고 본품 구매했어요. 향이 세지 않아서 좋아요.,2026-02-17
R0896,O0896,C181,P168,5,친구가 좋다고 해서 샀는데 만족해요. 결이 정돈된 느낌이 든다는 게 느껴져요. 궁금하신 분은 010-1159-8256으로 문자주세요.,2026-03-28
R0897,O0897,C181,P063,5,친구가 좋다고 해서 샀는데 만족해요. 병풀 들어간 거 찾다가 샀는데 만족합니다. 저는 임예린인데 벌써 세 번째 재구매예요.,2026-04-25
R0898,O0898,C181,P090,5,친구가 좋다고 해서 샀는데 만족해요. 지성인데 자극 없이 잘 썼어요.,2026-05-17
R0899,O0899,C181,P001,5,샘플 써보고 본품 구매했어요. 산뜻한 제형이라 아침에 쓰기 좋아요. 카톡 아이디 donghyun47 입니다.,2026-07-22
R0900,O0900,C182,P176,5,고민하다 샀는데 잘 산 것 같아요. 눈가가 덜 접힌다는 게 느껴져요.,2025-08-03
R0901,O0901,C182,P048,5,고민하다 샀는데 잘 산 것 같아요. 민감성인데 자극 없이 잘 썼어요.,2025-12-02
R0902,O0902,C182,P070,2,저랑은 안 맞았어요. 민감성이라 그런지 발랐더니 조금 따가웠어요.,2026-01-20
R0903,O0903,C182,P053,4,샘플 써보고 본품 구매했어요. 산뜻한 제형이라 아침에 쓰기 좋아요.,2026-02-07
R0904,O0904,C182,P177,5,고민하다 샀는데 잘 산 것 같아요. 민감성인데 자극 없이 잘 썼어요. 궁금하신 분은 010-4146-6953으로 문자주세요.,2026-03-19
R0905,O0905,C182,P166,4,두 통째 쓰는 중이에요. 민감성인데 자극 없이 잘 썼어요.,2026-04-02
R0906,O0906,C182,P082,4,두 통째 쓰는 중이에요. 얼굴이 한 톤 밝아 보인다는 게 느껴져요. 천안 사는 장유진입니다. 배송 빨랐어요.,2026-07-04
R0907,O0907,C183,P043,5,고민하다 샀는데 잘 산 것 같아요. 세라마이드 들어간 거 찾다가 샀는데 만족합니다.,2025-08-06
R0908,O0908,C183,P086,2,환불 고민 중입니다. 탱탱한 느낌이 오래간다는 잘 모르겠어요.,2025-12-03
R0909,O0909,C183,P108,5,친구가 좋다고 해서 샀는데 만족해요. 세라마이드 들어간 거 찾다가 샀는데 만족합니다. 공구 원하시면 01018696254 연락주세요.,2026-06-10
R0910,O0910,C184,P108,4,두 통째 쓰는 중이에요. 눈가가 덜 접힌다는 게 느껴져요. 임상우 언니가 쓰는 거 보고 따라 샀습니다.,2025-07-12
R0911,O0911,C184,P178,5,재구매입니다. 가볍게 스미는 제형이라 아침에 쓰기 좋아요.,2026-02-04
R0912,O0912,C184,P081,4,샘플 써보고 본품 구매했어요. 판테놀 들어간 거 찾다가 샀는데 만족합니다.,2026-04-21
R0913,O0913,C184,P112,4,고민하다 샀는데 잘 산 것 같아요. 어성초 들어간 거 찾다가 샀는데 만족합니다. 궁금하신 분은 010-9490-1562으로 문자주세요.,2026-07-16
R0914,O0914,C184,P144,5,재구매입니다. 건성인데 자극 없이 잘 썼어요.,2026-07-31
R0915,O0915,C185,P176,4,샘플 써보고 본품 구매했어요. 콜라겐 들어간 거 찾다가 샀는데 만족합니다.,2026-02-27
R0916,O0916,C185,P129,5,샘플 써보고 본품 구매했어요. 향이 세지 않아서 좋아요.,2026-05-06
R0917,O0917,C186,P041,3,가격 생각하면 이 정도는 하는 것 같아요. 복합성인데 자극 없이 잘 썼어요. 샘플 문의는 chaewon53@example.com 로 주세요.,2025-10-31
R0918,O0918,C186,P013,1,다음엔 다른 거 살 것 같아요. 붉은 기가 빨리 가라앉는다는 잘 모르겠어요.,2026-03-11
R0919,O0919,C186,P012,1,저랑은 안 맞았어요. 용량 대비 가격이 아쉬워요. 광주 구월동 사는데 근처 매장에도 있더라고요.,2026-05-18
R0920,O0920,C186,P115,5,두 통째 쓰는 중이에요. 향이 세지 않아서 좋아요. 저는 임채원인데 벌써 세 번째 재구매예요.,2026-07-20
R0921,O0921,C187,P096,5,고민하다 샀는데 잘 산 것 같아요. 레티놀 들어간 거 찾다가 샀는데 만족합니다.,2025-11-09
R0922,O0922,C187,P144,5,"친구가 좋다고 해서 샀는데 만족해요. 중성인데 자극 없이 잘 썼어요. 장다은이라고 하고요, 매장 직원분이 친절했어요.",2026-03-19
R0923,O0923,C187,P188,4,재구매입니다. 히알루론산 들어간 거 찾다가 샀는데 만족합니다.,2026-04-18
R0924,O0924,C187,P149,3,나쁘진 않은데 특별하진 않네요. 탱탱한 느낌이 오래간다는 게 느껴져요. 궁금하신 분은 010-3551-6475으로 문자주세요.,2026-04-22
R0925,O0925,C187,P103,4,재구매입니다. 가볍게 스미는 제형이라 아침에 쓰기 좋아요. 재고 문의는 010 3551 6475 로 부탁드려요.,2026-06-05
R0926,O0926,C187,P095,3,가격 생각하면 이 정도는 하는 것 같아요. 얼굴이 한 톤 밝아 보인다는 게 느껴져요. 카톡 아이디 jaemin18 입니다.,2026-07-07
R0927,O0927,C187,P173,5,고민하다 샀는데 잘 산 것 같아요. 향이 세지 않아서 좋아요.,2026-07-08
R0928,O0928,C187,P126,5,재구매입니다. 판테놀 들어간 거 찾다가 샀는데 만족합니다.,2026-07-17
R0929,O0929,C188,P139,5,재구매입니다. 젤 같은 제형이라 아침에 쓰기 좋아요. 카톡 아이디 soyul25 입니다.,2025-07-27
R0930,O0930,C188,P149,4,샘플 써보고 본품 구매했어요. 중성인데 자극 없이 잘 썼어요. 저는 한지훈인데 벌써 세 번째 재구매예요.,2025-09-15
R0931,O0931,C188,P126,2,환불 고민 중입니다. 중성이라 그런지 발랐더니 조금 따가웠어요.,2025-10-09
R0932,O0932,C188,P196,4,고민하다 샀는데 잘 산 것 같아요. 속건조가 덜하다는 게 느껴져요.,2025-12-25
R0933,O0933,C188,P014,3,무난해요. 촉촉하게 감싸는 제형이라 아침에 쓰기 좋아요.,2026-04-02
R0934,O0934,C189,P152,4,친구가 좋다고 해서 샀는데 만족해요. 중성인데 자극 없이 잘 썼어요. 궁금하신 분은 010-3349-3205으로 문자주세요.,2025-12-11
R0935,O0935,C189,P072,4,재구매입니다. 향이 세지 않아서 좋아요. 재고 문의는 010 3349 3205 로 부탁드려요.,2026-03-04
R0936,O0936,C189,P055,4,두 통째 쓰는 중이에요. 촉촉하게 감싸는 제형이라 아침에 쓰기 좋아요.,2026-05-01
R0937,O0937,C189,P174,3,무난해요. 중성인데 자극 없이 잘 썼어요. 궁금하신 분은 010-3349-3205으로 문자주세요.,2026-06-07
R0938,O0938,C190,P078,4,두 통째 쓰는 중이에요. 병풀 들어간 거 찾다가 샀는데 만족합니다. 조다은님이 추천해줘서 샀어요.,2025-07-26
R0939,O0939,C190,P079,4,재구매입니다. 중성인데 자극 없이 잘 썼어요.,2026-01-20
R0940,O0940,C190,P140,4,재구매입니다. 향이 세지 않아서 좋아요.,2026-01-28
R0941,O0941,C190,P126,3,무난해요. 산뜻한 제형이라 아침에 쓰기 좋아요. 천안 사는 안미연입니다. 배송 빨랐어요.,2026-02-01
R0942,O0942,C190,P170,5,고민하다 샀는데 잘 산 것 같아요. 향이 세지 않아서 좋아요.,2026-04-14
R0943,O0943,C190,P129,1,다음엔 다른 거 살 것 같아요. 용량 대비 가격이 아쉬워요.,2026-05-22
R0944,O0944,C190,P057,4,샘플 써보고 본품 구매했어요. 히알루론산 들어간 거 찾다가 샀는데 만족합니다.,2026-08-05
R0945,O0945,C191,P147,5,두 통째 쓰는 중이에요. 올라오던 게 덜하다는 게 느껴져요.,2025-11-06
R0946,O0946,C191,P161,4,친구가 좋다고 해서 샀는데 만족해요. 건성인데 자극 없이 잘 썼어요. 고양 수성동 사는데 근처 매장에도 있더라고요.,2026-01-09
R0947,O0947,C191,P078,4,친구가 좋다고 해서 샀는데 만족해요. 건성인데 자극 없이 잘 썼어요.,2026-02-27
R0948,O0948,C191,P089,5,샘플 써보고 본품 구매했어요. 건성인데 자극 없이 잘 썼어요.,2026-05-16
R0949,O0949,C191,P044,4,"고민하다 샀는데 잘 산 것 같아요. 향이 세지 않아서 좋아요. 김예린이라고 하고요, 매장 직원분이 친절했어요.",2026-07-20
R0950,O0950,C192,P071,1,저랑은 안 맞았어요. 붉은 기가 빨리 가라앉는다는 잘 모르겠어요.,2025-08-28
R0951,O0951,C192,P037,5,재구매입니다. 얼굴이 한 톤 밝아 보인다는 게 느껴져요.,2025-10-27
R0952,O0952,C192,P080,3,나쁘진 않은데 특별하진 않네요. 촉촉하게 감싸는 제형이라 아침에 쓰기 좋아요.,2026-04-03
R0953,O0953,C193,P070,5,샘플 써보고 본품 구매했어요. 약산성 아미노산 들어간 거 찾다가 샀는데 만족합니다.,2025-07-07
R0954,O0954,C193,P039,5,두 통째 쓰는 중이에요. 눈가가 덜 접힌다는 게 느껴져요.,2025-08-31
R0955,O0955,C193,P167,4,친구가 좋다고 해서 샀는데 만족해요. 민감성인데 자극 없이 잘 썼어요.,2025-09-19
R0956,O0956,C193,P080,4,재구매입니다. 레티놀 들어간 거 찾다가 샀는데 만족합니다. 김지훈 언니가 쓰는 거 보고 따라 샀습니다.,2025-11-21
R0957,O0957,C193,P033,2,광고를 너무 믿었나 봐요. 향이 저한테는 좀 강했어요.,2026-03-01
R0958,O0958,C193,P063,5,재구매입니다. 민감성인데 자극 없이 잘 썼어요.,2026-04-06
R0959,O0959,C193,P042,5,친구가 좋다고 해서 샀는데 만족해요. 민감성인데 자극 없이 잘 썼어요. 카톡 아이디 junseo32 입니다.,2026-04-28
R0960,O0960,C193,P104,4,"샘플 써보고 본품 구매했어요. 향이 세지 않아서 좋아요. 한채원이라고 하고요, 매장 직원분이 친절했어요.",2026-06-11
R0961,O0961,C193,P085,2,환불 고민 중입니다. 민감성이라 그런지 발랐더니 조금 따가웠어요.,2026-07-30
R0962,O0962,C194,P082,5,샘플 써보고 본품 구매했어요. 향이 세지 않아서 좋아요.,2025-09-14
R0963,O0963,C194,P128,3,나쁘진 않은데 특별하진 않네요. 향이 세지 않아서 좋아요. 궁금하신 분은 010-3492-6679으로 문자주세요.,2025-11-04
R0964,O0964,C194,P097,4,샘플 써보고 본품 구매했어요. 올라오던 게 덜하다는 게 느껴져요.,2026-01-03
R0965,O0965,C194,P166,5,"친구가 좋다고 해서 샀는데 만족해요. 탱탱한 느낌이 오래간다는 게 느껴져요. 오지훈이라고 하고요, 매장 직원분이 친절했어요.",2026-02-21
R0966,O0966,C195,P096,3,무난해요. 복합성인데 자극 없이 잘 썼어요.,2025-08-19
R0967,O0967,C195,P113,5,샘플 써보고 본품 구매했어요. 향이 세지 않아서 좋아요. 재고 문의는 010 5279 9730 로 부탁드려요.,2025-10-27
R0968,O0968,C195,P138,5,친구가 좋다고 해서 샀는데 만족해요. 향이 세지 않아서 좋아요.,2025-12-01
R0969,O0969,C195,P043,5,친구가 좋다고 해서 샀는데 만족해요. 세라마이드 들어간 거 찾다가 샀는데 만족합니다.,2026-01-04
R0970,O0970,C195,P008,1,환불 고민 중입니다. 복합성이라 그런지 발랐더니 조금 따가웠어요.,2026-01-13
R0971,O0971,C195,P152,1,광고를 너무 믿었나 봐요. 복합성이라 그런지 발랐더니 조금 따가웠어요.,2026-04-02
R0972,O0972,C195,P067,5,두 통째 쓰는 중이에요. 콜라겐 들어간 거 찾다가 샀는데 만족합니다. 샘플 문의는 gaeun52@example.com 로 주세요.,2026-07-16
R0973,O0973,C195,P029,4,고민하다 샀는데 잘 산 것 같아요. 겉돌던 게 없어졌다는 게 느껴져요.,2026-07-24
R0974,O0974,C196,P096,5,고민하다 샀는데 잘 산 것 같아요. 지성인데 자극 없이 잘 썼어요. 신소율님이 추천해줘서 샀어요.,2025-11-02
R0975,O0975,C196,P008,3,기대가 컸나 봐요. 결이 정돈된 느낌이 든다는 게 느껴져요. 성남 사는 박가은입니다. 배송 빨랐어요.,2025-12-13
R0976,O0976,C196,P099,4,고민하다 샀는데 잘 산 것 같아요. 향이 세지 않아서 좋아요.,2025-12-24
R0977,O0977,C196,P053,4,고민하다 샀는데 잘 산 것 같아요. 판테놀 들어간 거 찾다가 샀는데 만족합니다.,2026-03-06
R0978,O0978,C196,P137,4,고민하다 샀는데 잘 산 것 같아요. 속건조가 덜하다는 게 느껴져요.,2026-07-01
R0979,O0979,C197,P165,4,두 통째 쓰는 중이에요. 젤 같은 제형이라 아침에 쓰기 좋아요. 궁금하신 분은 010-9713-1457으로 문자주세요.,2025-08-18
R0980,O0980,C197,P093,5,고민하다 샀는데 잘 산 것 같아요. 콜라겐 들어간 거 찾다가 샀는데 만족합니다.,2026-02-10
R0981,O0981,C197,P023,5,두 통째 쓰는 중이에요. 향이 세지 않아서 좋아요. 저는 오지아인데 벌써 세 번째 재구매예요.,2026-03-27
R0982,O0982,C197,P140,5,두 통째 쓰는 중이에요. 향이 세지 않아서 좋아요. 임미연 언니가 쓰는 거 보고 따라 샀습니다.,2026-07-10
R0983,O0983,C197,P162,5,두 통째 쓰는 중이에요. 녹차 들어간 거 찾다가 샀는데 만족합니다. 재고 문의는 010 9713 1457 로 부탁드려요.,2026-07-11
R0984,O0984,C197,P096,3,가격 생각하면 이 정도는 하는 것 같아요. 향이 세지 않아서 좋아요. 신준서님이 추천해줘서 샀어요.,2026-08-06
R0985,O0985,C198,P140,4,고민하다 샀는데 잘 산 것 같아요. 복합성인데 자극 없이 잘 썼어요. 강우진 언니가 쓰는 거 보고 따라 샀습니다.,2025-11-15
R0986,O0986,C198,P123,5,고민하다 샀는데 잘 산 것 같아요. 복합성인데 자극 없이 잘 썼어요. 청주 일산동 사는데 근처 매장에도 있더라고요.,2026-02-20
R0987,O0987,C198,P053,4,샘플 써보고 본품 구매했어요. 복합성인데 자극 없이 잘 썼어요.,2026-04-22
R0988,O0988,C199,P165,4,두 통째 쓰는 중이에요. 물처럼 묽은 제형이라 아침에 쓰기 좋아요. 재고 문의는 010 4383 4140 로 부탁드려요.,2025-08-19
R0989,O0989,C199,P183,5,친구가 좋다고 해서 샀는데 만족해요. 얼굴이 한 톤 밝아 보인다는 게 느껴져요.,2025-08-24
R0990,O0990,C199,P103,5,샘플 써보고 본품 구매했어요. 물처럼 묽은 제형이라 아침에 쓰기 좋아요. 공구 원하시면 01043834140 연락주세요.,2026-04-11
R0991,O0991,C199,P075,5,친구가 좋다고 해서 샀는데 만족해요. 향이 세지 않아서 좋아요.,2026-04-22
R0992,O0992,C199,P050,5,고민하다 샀는데 잘 산 것 같아요. 물처럼 묽은 제형이라 아침에 쓰기 좋아요.,2026-07-02
R0993,O0993,C200,P151,5,재구매입니다. 향이 세지 않아서 좋아요. 송도현님이 추천해줘서 샀어요.,2025-08-14
R0994,O0994,C200,P149,3,가격 생각하면 이 정도는 하는 것 같아요. 향이 세지 않아서 좋아요.,2025-09-03
R0995,O0995,C200,P036,4,샘플 써보고 본품 구매했어요. 향이 세지 않아서 좋아요.,2025-11-03
R0996,O0996,C200,P105,2,환불 고민 중입니다. 향이 저한테는 좀 강했어요. 공구 원하시면 01062738006 연락주세요.,2025-12-22
R0997,O0997,C200,P084,1,광고를 너무 믿었나 봐요. 용량 대비 가격이 아쉬워요. 공구 원하시면 01062738006 연락주세요.,2026-06-23
R0998,O0998,C201,P051,3,나쁘진 않은데 특별하진 않네요. 지성인데 자극 없이 잘 썼어요.,2025-08-22
R0999,O0999,C201,P149,2,다음엔 다른 거 살 것 같아요. 지성이라 그런지 발랐더니 조금 따가웠어요. 광주 해운대 사는데 근처 매장에도 있더라고요.,2025-10-09
R1000,O1000,C201,P063,5,샘플 써보고 본품 구매했어요. 지성인데 자극 없이 잘 썼어요.,2026-02-08
R1001,O1001,C201,P075,4,친구가 좋다고 해서 샀는데 만족해요. 향이 세지 않아서 좋아요.,2026-03-08
R1002,O1002,C201,P077,1,환불 고민 중입니다. 지성이라 그런지 발랐더니 조금 따가웠어요. 광주 사는 최가은입니다. 배송 빨랐어요.,2026-04-11
R1003,O1003,C201,P049,4,고민하다 샀는데 잘 산 것 같아요. 물처럼 묽은 제형이라 아침에 쓰기 좋아요.,2026-04-11
R1004,O1004,C201,P147,3,무난해요. 지성인데 자극 없이 잘 썼어요. 황동현 언니가 쓰는 거 보고 따라 샀습니다.,2026-05-26
R1005,O1005,C202,P174,5,고민하다 샀는데 잘 산 것 같아요. 물처럼 묽은 제형이라 아침에 쓰기 좋아요. 조다은 언니가 쓰는 거 보고 따라 샀습니다.,2025-11-12
R1006,O1006,C202,P141,3,나쁘진 않은데 특별하진 않네요. 복합성인데 자극 없이 잘 썼어요.,2025-12-06
R1007,O1007,C202,P017,5,재구매입니다. 복합성인데 자극 없이 잘 썼어요.,2025-12-24
R1008,O1008,C202,P161,3,기대가 컸나 봐요. 향이 세지 않아서 좋아요. 수원 사는 조예린입니다. 배송 빨랐어요.,2026-01-02
R1009,O1009,C202,P030,5,두 통째 쓰는 중이에요. 산뜻한 제형이라 아침에 쓰기 좋아요.,2026-03-05
R1010,O1010,C202,P197,3,기대가 컸나 봐요. 향이 세지 않아서 좋아요. 궁금하신 분은 010-8297-7555으로 문자주세요.,2026-04-15
R1011,O1011,C202,P010,5,두 통째 쓰는 중이에요. 콜라겐 들어간 거 찾다가 샀는데 만족합니다.,2026-06-24
R1012,O1012,C203,P022,4,친구가 좋다고 해서 샀는데 만족해요. 건성인데 자극 없이 잘 썼어요.,2025-12-12
R1013,O1013,C203,P139,5,두 통째 쓰는 중이에요. 꾸덕한 제형이라 아침에 쓰기 좋아요.,2026-03-31
R1014,O1014,C203,P064,5,샘플 써보고 본품 구매했어요. 나이아신아마이드 들어간 거 찾다가 샀는데 만족합니다.,2026-05-06
R1015,O1015,C204,P157,3,기대가 컸나 봐요. 눈가가 덜 접힌다는 게 느껴져요.,2025-07-27
R1016,O1016,C204,P195,3,기대가 컸나 봐요. 중성인데 자극 없이 잘 썼어요.,2025-08-22
R1017,O1017,C204,P170,3,가격 생각하면 이 정도는 하는 것 같아요. 올라오던 게 덜하다는 게 느껴져요. 샘플 문의는 minjun62@example.com 로 주세요.,2026-06-16
R1018,O1018,C204,P121,4,"두 통째 쓰는 중이에요. 젤 같은 제형이라 아침에 쓰기 좋아요. 이민준이라고 하고요, 매장 직원분이 친절했어요.",2026-07-10
R1019,O1019,C205,P125,2,환불 고민 중입니다. 속건조가 덜하다는 잘 모르겠어요.,2025-09-07
R1020,O1020,C205,P047,1,저랑은 안 맞았어요. 생각보다 끈적여서 아침엔 못 쓰겠어요. 부산 사는 박도현입니다. 배송 빨랐어요.,2025-09-11
R1021,O1021,C205,P016,4,재구매입니다. 향이 세지 않아서 좋아요.,2025-12-11
R1022,O1022,C205,P163,4,두 통째 쓰는 중이에요. 향이 세지 않아서 좋아요.,2026-01-15
R1023,O1023,C205,P117,4,고민하다 샀는데 잘 산 것 같아요. 나이아신아마이드 들어간 거 찾다가 샀는데 만족합니다.,2026-02-08
R1024,O1024,C205,P007,5,고민하다 샀는데 잘 산 것 같아요. 복합성인데 자극 없이 잘 썼어요.,2026-07-06
R1025,O1025,C205,P130,5,재구매입니다. 콜라겐 들어간 거 찾다가 샀는데 만족합니다.,2026-07-09
R1026,O1026,C206,P145,4,고민하다 샀는데 잘 산 것 같아요. 비타민C 들어간 거 찾다가 샀는데 만족합니다.,2025-07-21
R1027,O1027,C206,P144,2,광고를 너무 믿었나 봐요. 생각보다 끈적여서 아침엔 못 쓰겠어요. 저는 신수빈인데 벌써 세 번째 재구매예요.,2025-08-23
R1028,O1028,C206,P199,3,기대가 컸나 봐요. 탱탱한 느낌이 오래간다는 게 느껴져요.,2025-09-20
R1029,O1029,C206,P132,5,두 통째 쓰는 중이에요. 촉촉하게 감싸는 제형이라 아침에 쓰기 좋아요.,2025-09-28
R1030,O1030,C206,P097,4,재구매입니다. 향이 세지 않아서 좋아요. 임우진님이 추천해줘서 샀어요.,2026-04-10
R1031,O1031,C206,P028,4,고민하다 샀는데 잘 산 것 같아요. 향이 세지 않아서 좋아요. 샘플 문의는 subin10@example.com 로 주세요.,2026-04-28
R1032,O1032,C206,P045,5,재구매입니다. 향이 세지 않아서 좋아요.,2026-06-02
R1033,O1033,C206,P069,2,다음엔 다른 거 살 것 같아요. 용량 대비 가격이 아쉬워요.,2026-06-29
R1034,O1034,C207,P132,1,다음엔 다른 거 살 것 같아요. 향이 저한테는 좀 강했어요.,2025-08-16
R1035,O1035,C207,P196,4,친구가 좋다고 해서 샀는데 만족해요. 산뜻한 제형이라 아침에 쓰기 좋아요. 카톡 아이디 siwoo62 입니다.,2025-08-27
R1036,O1036,C207,P142,4,샘플 써보고 본품 구매했어요. 어성초 들어간 거 찾다가 샀는데 만족합니다. 공구 원하시면 01074533587 연락주세요.,2025-11-23
R1037,O1037,C207,P158,5,재구매입니다. 얼굴이 한 톤 밝아 보인다는 게 느껴져요.,2026-01-31
R1038,O1038,C207,P002,5,친구가 좋다고 해서 샀는데 만족해요. 올라오던 게 덜하다는 게 느껴져요.,2026-02-10
R1039,O1039,C207,P011,5,고민하다 샀는데 잘 산 것 같아요. 산뜻한 제형이라 아침에 쓰기 좋아요.,2026-06-13
R1040,O1040,C208,P058,2,환불 고민 중입니다. 용량 대비 가격이 아쉬워요. 천안 사는 오수빈입니다. 배송 빨랐어요.,2025-07-18
R1041,O1041,C208,P107,4,재구매입니다. 알로에 들어간 거 찾다가 샀는데 만족합니다. 이지훈님이 추천해줘서 샀어요.,2025-07-24
R1042,O1042,C208,P129,4,친구가 좋다고 해서 샀는데 만족해요. 얼굴이 한 톤 밝아 보인다는 게 느껴져요. 공구 원하시면 01024684610 연락주세요.,2025-08-19
R1043,O1043,C208,P139,5,친구가 좋다고 해서 샀는데 만족해요. 겉돌던 게 없어졌다는 게 느껴져요.,2025-10-07
R1044,O1044,C208,P196,5,샘플 써보고 본품 구매했어요. 속건조가 덜하다는 게 느껴져요.,2025-12-30
R1045,O1045,C208,P159,4,샘플 써보고 본품 구매했어요. 꾸덕한 제형이라 아침에 쓰기 좋아요.,2026-02-15
R1046,O1046,C208,P088,5,고민하다 샀는데 잘 산 것 같아요. 어성초 들어간 거 찾다가 샀는데 만족합니다.,2026-06-03
R1047,O1047,C209,P011,5,고민하다 샀는데 잘 산 것 같아요. 향이 세지 않아서 좋아요.,2025-11-16
R1048,O1048,C209,P117,3,무난해요. 가볍게 스미는 제형이라 아침에 쓰기 좋아요.,2025-12-30
R1049,O1049,C209,P102,1,환불 고민 중입니다. 용량 대비 가격이 아쉬워요.,2026-02-09
R1050,O1050,C210,P058,2,환불 고민 중입니다. 용량 대비 가격이 아쉬워요. 재고 문의는 010 7429 8975 로 부탁드려요.,2025-08-25
R1051,O1051,C210,P041,2,저랑은 안 맞았어요. 건성이라 그런지 발랐더니 조금 따가웠어요.,2025-09-06
R1052,O1052,C210,P132,4,고민하다 샀는데 잘 산 것 같아요. 촉촉하게 감싸는 제형이라 아침에 쓰기 좋아요.,2026-03-16
R1053,O1053,C210,P029,4,두 통째 쓰는 중이에요. 건성인데 자극 없이 잘 썼어요. 샘플 문의는 donghyun10@example.com 로 주세요.,2026-06-26
R1054,O1054,C211,P102,5,고민하다 샀는데 잘 산 것 같아요. 가볍게 스미는 제형이라 아침에 쓰기 좋아요.,2026-03-17
R1055,O1055,C211,P006,5,두 통째 쓰는 중이에요. 판테놀 들어간 거 찾다가 샀는데 만족합니다.,2026-04-14
R1056,O1056,C211,P153,4,재구매입니다. 향이 세지 않아서 좋아요.,2026-05-19
R1057,O1057,C212,P056,5,고민하다 샀는데 잘 산 것 같아요. 꾸덕한 제형이라 아침에 쓰기 좋아요. 천안 행신동 사는데 근처 매장에도 있더라고요.,2026-02-27
R1058,O1058,C212,P141,4,두 통째 쓰는 중이에요. 복합성인데 자극 없이 잘 썼어요.,2026-05-15
R1059,O1059,C212,P154,5,두 통째 쓰는 중이에요. 복합성인데 자극 없이 잘 썼어요.,2026-07-10
R1060,O1060,C213,P014,5,친구가 좋다고 해서 샀는데 만족해요. 가볍게 스미는 제형이라 아침에 쓰기 좋아요.,2025-08-02
R1061,O1061,C213,P115,4,샘플 써보고 본품 구매했어요. 비타민C 들어간 거 찾다가 샀는데 만족합니다.,2025-09-19
R1062,O1062,C213,P091,4,샘플 써보고 본품 구매했어요. 올라오던 게 덜하다는 게 느껴져요. 재고 문의는 010 4707 3108 로 부탁드려요.,2025-10-02
R1063,O1063,C213,P118,4,두 통째 쓰는 중이에요. 산뜻한 제형이라 아침에 쓰기 좋아요.,2026-02-05
R1064,O1064,C213,P176,5,샘플 써보고 본품 구매했어요. 눈가가 덜 접힌다는 게 느껴져요. 수원 사는 김하윤입니다. 배송 빨랐어요.,2026-02-22
R1065,O1065,C214,P138,2,다음엔 다른 거 살 것 같아요. 향이 저한테는 좀 강했어요. 궁금하신 분은 010-8951-1405으로 문자주세요.,2025-07-25
R1066,O1066,C214,P013,4,고민하다 샀는데 잘 산 것 같아요. 향이 세지 않아서 좋아요. 용인 영통동 사는데 근처 매장에도 있더라고요.,2025-10-04
R1067,O1067,C215,P025,5,두 통째 쓰는 중이에요. 속건조가 덜하다는 게 느껴져요.,2025-10-25
R1068,O1068,C215,P064,3,기대가 컸나 봐요. 가볍게 스미는 제형이라 아침에 쓰기 좋아요.,2025-11-04
R1069,O1069,C215,P087,3,가격 생각하면 이 정도는 하는 것 같아요. 붉은 기가 빨리 가라앉는다는 게 느껴져요. 공구 원하시면 01099898005 연락주세요.,2026-07-29
R1070,O1070,C216,P110,4,샘플 써보고 본품 구매했어요. 향이 세지 않아서 좋아요.,2025-09-09
R1071,O1071,C216,P075,5,"재구매입니다. 향이 세지 않아서 좋아요. 송하윤이라고 하고요, 매장 직원분이 친절했어요.",2025-09-16
R1072,O1072,C216,P124,4,샘플 써보고 본품 구매했어요. 겉돌던 게 없어졌다는 게 느껴져요.,2026-03-29
R1073,O1073,C217,P197,5,친구가 좋다고 해서 샀는데 만족해요. 향이 세지 않아서 좋아요. 카톡 아이디 sangwoo92 입니다.,2025-07-27
R1074,O1074,C217,P149,4,"친구가 좋다고 해서 샀는데 만족해요. 탱탱한 느낌이 오래간다는 게 느껴져요. 강은수이라고 하고요, 매장 직원분이 친절했어요.",2025-09-21
R1075,O1075,C217,P115,3,가격 생각하면 이 정도는 하는 것 같아요. 올라오던 게 덜하다는 게 느껴져요.,2025-11-19
R1076,O1076,C217,P001,5,재구매입니다. 민감성인데 자극 없이 잘 썼어요.,2025-12-04
R1077,O1077,C217,P137,3,나쁘진 않은데 특별하진 않네요. 젤 같은 제형이라 아침에 쓰기 좋아요. 궁금하신 분은 010-3077-3835으로 문자주세요.,2026-03-12
R1078,O1078,C217,P072,5,고민하다 샀는데 잘 산 것 같아요. 판테놀 들어간 거 찾다가 샀는데 만족합니다. 대전 영통동 사는데 근처 매장에도 있더라고요.,2026-04-22
R1079,O1079,C217,P107,4,친구가 좋다고 해서 샀는데 만족해요. 꾸덕한 제형이라 아침에 쓰기 좋아요.,2026-06-28
R1080,O1080,C218,P084,5,샘플 써보고 본품 구매했어요. 산뜻한 제형이라 아침에 쓰기 좋아요. 서상우 언니가 쓰는 거 보고 따라 샀습니다.,2026-03-05
R1081,O1081,C218,P102,4,고민하다 샀는데 잘 산 것 같아요. 겉돌던 게 없어졌다는 게 느껴져요.,2026-04-14
R1082,O1082,C218,P162,3,나쁘진 않은데 특별하진 않네요. 물처럼 묽은 제형이라 아침에 쓰기 좋아요.,2026-05-08
R1083,O1083,C219,P113,5,샘플 써보고 본품 구매했어요. 탱탱한 느낌이 오래간다는 게 느껴져요. 수원 불당동 사는데 근처 매장에도 있더라고요.,2025-09-24
R1084,O1084,C219,P159,4,샘플 써보고 본품 구매했어요. 산뜻한 제형이라 아침에 쓰기 좋아요.,2026-03-28
R1085,O1085,C219,P140,3,무난해요. 꾸덕한 제형이라 아침에 쓰기 좋아요.,2026-05-11
R1086,O1086,C220,P004,3,나쁘진 않은데 특별하진 않네요. 꾸덕한 제형이라 아침에 쓰기 좋아요.,2025-07-16
R1087,O1087,C220,P100,2,다음엔 다른 거 살 것 같아요. 향이 저한테는 좀 강했어요.,2025-11-12
R1088,O1088,C220,P157,5,샘플 써보고 본품 구매했어요. 향이 세지 않아서 좋아요.,2026-01-22
R1089,O1089,C220,P038,4,고민하다 샀는데 잘 산 것 같아요. 향이 세지 않아서 좋아요. 샘플 문의는 jaemin13@example.com 로 주세요.,2026-02-20
R1090,O1090,C220,P185,4,두 통째 쓰는 중이에요. 건성인데 자극 없이 잘 썼어요.,2026-02-20
R1091,O1091,C220,P199,5,재구매입니다. 향이 세지 않아서 좋아요.,2026-02-27
R1092,O1092,C220,P115,5,두 통째 쓰는 중이에요. 올라오던 게 덜하다는 게 느껴져요.,2026-04-21
R1093,O1093,C220,P090,5,두 통째 쓰는 중이에요. 가볍게 스미는 제형이라 아침에 쓰기 좋아요.,2026-05-15
R1094,O1094,C221,P133,1,저랑은 안 맞았어요. 복합성이라 그런지 발랐더니 조금 따가웠어요.,2025-09-01
R1095,O1095,C221,P169,3,나쁘진 않은데 특별하진 않네요. 녹차 들어간 거 찾다가 샀는데 만족합니다.,2026-03-09
R1096,O1096,C221,P179,1,광고를 너무 믿었나 봐요. 생각보다 끈적여서 아침엔 못 쓰겠어요.,2026-06-01
R1097,O1097,C222,P149,3,"기대가 컸나 봐요. 가볍게 스미는 제형이라 아침에 쓰기 좋아요. 임유진이라고 하고요, 매장 직원분이 친절했어요.",2025-07-08
R1098,O1098,C222,P073,5,고민하다 샀는데 잘 산 것 같아요. 눈가가 덜 접힌다는 게 느껴져요. 박채원 언니가 쓰는 거 보고 따라 샀습니다.,2025-09-24
R1099,O1099,C222,P038,5,두 통째 쓰는 중이에요. 눈가가 덜 접힌다는 게 느껴져요.,2025-11-29
R1100,O1100,C222,P134,5,친구가 좋다고 해서 샀는데 만족해요. 히알루론산 들어간 거 찾다가 샀는데 만족합니다. 샘플 문의는 yujin6@example.com 로 주세요.,2026-05-27
R1101,O1101,C223,P052,3,"기대가 컸나 봐요. 향이 세지 않아서 좋아요. 신수빈이라고 하고요, 매장 직원분이 친절했어요.",2025-11-03
R1102,O1102,C223,P003,5,고민하다 샀는데 잘 산 것 같아요. 향이 세지 않아서 좋아요.,2025-11-14
R1103,O1103,C223,P155,4,샘플 써보고 본품 구매했어요. 향이 세지 않아서 좋아요.,2026-03-20
R1104,O1104,C223,P046,3,나쁘진 않은데 특별하진 않네요. 젤 같은 제형이라 아침에 쓰기 좋아요.,2026-04-21
R1105,O1105,C223,P159,5,두 통째 쓰는 중이에요. 중성인데 자극 없이 잘 썼어요.,2026-06-11
R1106,O1106,C223,P118,4,재구매입니다. 히알루론산 들어간 거 찾다가 샀는데 만족합니다. 재고 문의는 010 2437 5330 로 부탁드려요.,2026-08-01
R1107,O1107,C224,P149,4,친구가 좋다고 해서 샀는데 만족해요. 탱탱한 느낌이 오래간다는 게 느껴져요.,2025-09-28
R1108,O1108,C224,P090,5,고민하다 샀는데 잘 산 것 같아요. 올라오던 게 덜하다는 게 느껴져요. 재고 문의는 010 7381 2449 로 부탁드려요.,2025-11-11
R1109,O1109,C224,P134,4,재구매입니다. 올라오던 게 덜하다는 게 느껴져요. 청주 해운대 사는데 근처 매장에도 있더라고요.,2025-12-09
R1110,O1110,C224,P131,4,친구가 좋다고 해서 샀는데 만족해요. 지성인데 자극 없이 잘 썼어요.,2026-07-10
R1111,O1111,C225,P199,4,재구매입니다. 탱탱한 느낌이 오래간다는 게 느껴져요. 황보민 언니가 쓰는 거 보고 따라 샀습니다.,2025-08-06
R1112,O1112,C225,P145,4,샘플 써보고 본품 구매했어요. 결이 정돈된 느낌이 든다는 게 느껴져요.,2025-11-04
R1113,O1113,C225,P197,5,두 통째 쓰는 중이에요. 알로에 들어간 거 찾다가 샀는데 만족합니다. 수원 사는 오지은입니다. 배송 빨랐어요.,2025-12-29
R1114,O1114,C225,P192,2,환불 고민 중입니다. 속건조가 덜하다는 잘 모르겠어요.,2026-02-03
R1115,O1115,C225,P136,5,고민하다 샀는데 잘 산 것 같아요. 속건조가 덜하다는 게 느껴져요.,2026-04-09
R1116,O1116,C225,P181,4,고민하다 샀는데 잘 산 것 같아요. 향이 세지 않아서 좋아요.,2026-04-11
R1117,O1117,C225,P037,4,고민하다 샀는데 잘 산 것 같아요. 얼굴이 한 톤 밝아 보인다는 게 느껴져요.,2026-06-19
R1118,O1118,C226,P048,2,광고를 너무 믿었나 봐요. 향이 저한테는 좀 강했어요.,2025-07-09
R1119,O1119,C226,P006,5,두 통째 쓰는 중이에요. 판테놀 들어간 거 찾다가 샀는데 만족합니다. 강가은 언니가 쓰는 거 보고 따라 샀습니다.,2025-11-28
R1120,O1120,C226,P196,4,친구가 좋다고 해서 샀는데 만족해요. 쌀겨 들어간 거 찾다가 샀는데 만족합니다. 궁금하신 분은 010-6540-9902으로 문자주세요.,2025-12-01
R1121,O1121,C226,P188,4,샘플 써보고 본품 구매했어요. 결이 정돈된 느낌이 든다는 게 느껴져요.,2026-03-04
R1122,O1122,C226,P177,5,두 통째 쓰는 중이에요. 향이 세지 않아서 좋아요.,2026-04-03
R1123,O1123,C226,P028,4,고민하다 샀는데 잘 산 것 같아요. 꾸덕한 제형이라 아침에 쓰기 좋아요.,2026-05-09
R1124,O1124,C227,P119,2,환불 고민 중입니다. 용량 대비 가격이 아쉬워요. 용인 수지구 사는데 근처 매장에도 있더라고요.,2025-07-26
R1125,O1125,C227,P047,3,가격 생각하면 이 정도는 하는 것 같아요. 꾸덕한 제형이라 아침에 쓰기 좋아요.,2025-09-19
R1126,O1126,C227,P046,4,친구가 좋다고 해서 샀는데 만족해요. 물처럼 묽은 제형이라 아침에 쓰기 좋아요.,2025-12-27
R1127,O1127,C227,P080,4,두 통째 쓰는 중이에요. 탱탱한 느낌이 오래간다는 게 느껴져요.,2026-05-19
R1128,O1128,C228,P017,5,고민하다 샀는데 잘 산 것 같아요. 향이 세지 않아서 좋아요.,2025-11-06
R1129,O1129,C228,P116,4,친구가 좋다고 해서 샀는데 만족해요. 알로에 들어간 거 찾다가 샀는데 만족합니다.,2026-04-07
R1130,O1130,C228,P151,5,재구매입니다. 콜라겐 들어간 거 찾다가 샀는데 만족합니다. 샘플 문의는 jia88@example.com 로 주세요.,2026-04-10
R1131,O1131,C228,P081,5,고민하다 샀는데 잘 산 것 같아요. 물처럼 묽은 제형이라 아침에 쓰기 좋아요.,2026-06-18
R1132,O1132,C228,P106,4,샘플 써보고 본품 구매했어요. 향이 세지 않아서 좋아요. 카톡 아이디 dohyun47 입니다.,2026-07-20
R1133,O1133,C229,P054,5,친구가 좋다고 해서 샀는데 만족해요. 레티놀 들어간 거 찾다가 샀는데 만족합니다.,2025-10-20
R1134,O1134,C229,P178,4,친구가 좋다고 해서 샀는데 만족해요. 병풀 들어간 거 찾다가 샀는데 만족합니다.,2025-10-31
R1135,O1135,C229,P100,5,고민하다 샀는데 잘 산 것 같아요. 젤 같은 제형이라 아침에 쓰기 좋아요.,2026-01-28
R1136,O1136,C229,P074,4,친구가 좋다고 해서 샀는데 만족해요. 민감성인데 자극 없이 잘 썼어요.,2026-02-17
R1137,O1137,C229,P041,5,샘플 써보고 본품 구매했어요. 향이 세지 않아서 좋아요. 샘플 문의는 daeun47@example.com 로 주세요.,2026-02-24
R1138,O1138,C229,P108,5,고민하다 샀는데 잘 산 것 같아요. 산뜻한 제형이라 아침에 쓰기 좋아요.,2026-04-13
R1139,O1139,C229,P194,5,"고민하다 샀는데 잘 산 것 같아요. 향이 세지 않아서 좋아요. 권다은이라고 하고요, 매장 직원분이 친절했어요.",2026-06-07
R1140,O1140,C229,P080,4,고민하다 샀는데 잘 산 것 같아요. 촉촉하게 감싸는 제형이라 아침에 쓰기 좋아요.,2026-06-26
R1141,O1141,C230,P093,4,재구매입니다. 콜라겐 들어간 거 찾다가 샀는데 만족합니다. 재고 문의는 010 2010 1518 로 부탁드려요.,2025-08-03
R1142,O1142,C230,P185,5,친구가 좋다고 해서 샀는데 만족해요. 향이 세지 않아서 좋아요.,2025-12-24
R1143,O1143,C230,P029,5,재구매입니다. 복합성인데 자극 없이 잘 썼어요.,2026-02-04
R1144,O1144,C230,P073,5,고민하다 샀는데 잘 산 것 같아요. 산뜻한 제형이라 아침에 쓰기 좋아요. 카톡 아이디 hayoon81 입니다.,2026-03-12
R1145,O1145,C230,P090,5,재구매입니다. 젤 같은 제형이라 아침에 쓰기 좋아요.,2026-05-26
R1146,O1146,C231,P066,4,친구가 좋다고 해서 샀는데 만족해요. 향이 세지 않아서 좋아요.,2025-09-15
R1147,O1147,C231,P047,4,고민하다 샀는데 잘 산 것 같아요. 향이 세지 않아서 좋아요.,2026-05-06
R1148,O1148,C231,P155,5,두 통째 쓰는 중이에요. 중성인데 자극 없이 잘 썼어요.,2026-07-29
R1149,O1149,C232,P116,5,친구가 좋다고 해서 샀는데 만족해요. 복합성인데 자극 없이 잘 썼어요.,2025-07-07
R1150,O1150,C232,P164,5,두 통째 쓰는 중이에요. 프로폴리스 들어간 거 찾다가 샀는데 만족합니다. 궁금하신 분은 010-1822-4737으로 문자주세요.,2025-08-01
R1151,O1151,C232,P110,2,다음엔 다른 거 살 것 같아요. 올라오던 게 덜하다는 잘 모르겠어요.,2025-08-29
R1152,O1152,C232,P197,4,고민하다 샀는데 잘 산 것 같아요. 알로에 들어간 거 찾다가 샀는데 만족합니다. 수원 사는 황서연입니다. 배송 빨랐어요.,2025-09-28
R1153,O1153,C232,P118,5,샘플 써보고 본품 구매했어요. 향이 세지 않아서 좋아요.,2025-10-23
R1154,O1154,C232,P012,3,기대가 컸나 봐요. 비타민C 들어간 거 찾다가 샀는데 만족합니다.,2025-12-10
R1155,O1155,C232,P023,1,다음엔 다른 거 살 것 같아요. 생각보다 끈적여서 아침엔 못 쓰겠어요. 조은수 언니가 쓰는 거 보고 따라 샀습니다.,2026-03-03
R1156,O1156,C232,P059,3,나쁘진 않은데 특별하진 않네요. 촉촉하게 감싸는 제형이라 아침에 쓰기 좋아요.,2026-03-31
R1157,O1157,C233,P017,3,기대가 컸나 봐요. 건성인데 자극 없이 잘 썼어요.,2025-09-14
R1158,O1158,C233,P026,4,고민하다 샀는데 잘 산 것 같아요. 산뜻한 제형이라 아침에 쓰기 좋아요.,2025-12-09
R1159,O1159,C233,P094,5,샘플 써보고 본품 구매했어요. 붉은 기가 빨리 가라앉는다는 게 느껴져요. 수원 행신동 사는데 근처 매장에도 있더라고요.,2026-01-18
R1160,O1160,C234,P179,5,친구가 좋다고 해서 샀는데 만족해요. 민감성인데 자극 없이 잘 썼어요.,2025-10-22
R1161,O1161,C234,P053,5,두 통째 쓰는 중이에요. 붉은 기가 빨리 가라앉는다는 게 느껴져요. 샘플 문의는 sangwoo96@example.com 로 주세요.,2025-11-14
R1162,O1162,C234,P131,5,고민하다 샀는데 잘 산 것 같아요. 어성초 들어간 거 찾다가 샀는데 만족합니다. 송현우 언니가 쓰는 거 보고 따라 샀습니다.,2026-02-13
R1163,O1163,C234,P008,4,친구가 좋다고 해서 샀는데 만족해요. 가볍게 스미는 제형이라 아침에 쓰기 좋아요.,2026-04-19
R1164,O1164,C235,P063,5,고민하다 샀는데 잘 산 것 같아요. 눈가가 덜 접힌다는 게 느껴져요. 재고 문의는 010 9427 9854 로 부탁드려요.,2025-09-22
R1165,O1165,C235,P106,5,샘플 써보고 본품 구매했어요. 꾸덕한 제형이라 아침에 쓰기 좋아요.,2025-10-19
R1166,O1166,C235,P043,5,재구매입니다. 물처럼 묽은 제형이라 아침에 쓰기 좋아요.,2025-12-09
R1167,O1167,C235,P157,3,가격 생각하면 이 정도는 하는 것 같아요. 병풀 들어간 거 찾다가 샀는데 만족합니다.,2026-04-25
R1168,O1168,C236,P069,4,고민하다 샀는데 잘 산 것 같아요. 결이 정돈된 느낌이 든다는 게 느껴져요.,2025-08-23
R1169,O1169,C236,P133,3,기대가 컸나 봐요. 물처럼 묽은 제형이라 아침에 쓰기 좋아요.,2026-01-18
R1170,O1170,C236,P171,5,샘플 써보고 본품 구매했어요. 향이 세지 않아서 좋아요.,2026-02-14
R1171,O1171,C236,P143,5,친구가 좋다고 해서 샀는데 만족해요. 가볍게 스미는 제형이라 아침에 쓰기 좋아요.,2026-07-25
R1172,O1172,C237,P059,5,재구매입니다. 결이 정돈된 느낌이 든다는 게 느껴져요.,2025-08-14
R1173,O1173,C237,P165,5,두 통째 쓰는 중이에요. 향이 세지 않아서 좋아요. 오서연님이 추천해줘서 샀어요.,2025-11-01
R1174,O1174,C237,P108,3,무난해요. 건성인데 자극 없이 잘 썼어요.,2026-02-28
R1175,O1175,C237,P164,3,나쁘진 않은데 특별하진 않네요. 결이 정돈된 느낌이 든다는 게 느껴져요.,2026-04-27
R1176,O1176,C237,P050,2,다음엔 다른 거 살 것 같아요. 탱탱한 느낌이 오래간다는 잘 모르겠어요. 성남 사는 송수빈입니다. 배송 빨랐어요.,2026-06-09
R1177,O1177,C237,P092,4,샘플 써보고 본품 구매했어요. 쌀겨 들어간 거 찾다가 샀는데 만족합니다.,2026-06-28
R1178,O1178,C238,P026,5,고민하다 샀는데 잘 산 것 같아요. 가볍게 스미는 제형이라 아침에 쓰기 좋아요.,2025-08-22
R1179,O1179,C238,P067,5,두 통째 쓰는 중이에요. 향이 세지 않아서 좋아요.,2025-10-15
R1180,O1180,C238,P053,3,가격 생각하면 이 정도는 하는 것 같아요. 물처럼 묽은 제형이라 아침에 쓰기 좋아요.,2026-01-05
R1181,O1181,C238,P031,5,고민하다 샀는데 잘 산 것 같아요. 건성인데 자극 없이 잘 썼어요. 용인 사는 최수빈입니다. 배송 빨랐어요.,2026-01-12
R1182,O1182,C238,P069,5,두 통째 쓰는 중이에요. 판테놀 들어간 거 찾다가 샀는데 만족합니다.,2026-02-17
R1183,O1183,C238,P196,5,고민하다 샀는데 잘 산 것 같아요. 속건조가 덜하다는 게 느껴져요.,2026-02-27
R1184,O1184,C238,P039,4,고민하다 샀는데 잘 산 것 같아요. 물처럼 묽은 제형이라 아침에 쓰기 좋아요.,2026-05-30
R1185,O1185,C239,P122,5,두 통째 쓰는 중이에요. 민감성인데 자극 없이 잘 썼어요.,2026-02-17
R1186,O1186,C239,P130,2,광고를 너무 믿었나 봐요. 민감성이라 그런지 발랐더니 조금 따가웠어요.,2026-04-08
R1187,O1187,C239,P164,5,"친구가 좋다고 해서 샀는데 만족해요. 결이 정돈된 느낌이 든다는 게 느껴져요. 서서연이라고 하고요, 매장 직원분이 친절했어요.",2026-05-04
R1188,O1188,C240,P187,3,나쁘진 않은데 특별하진 않네요. 어성초 들어간 거 찾다가 샀는데 만족합니다.,2025-10-23
R1189,O1189,C240,P002,2,환불 고민 중입니다. 향이 저한테는 좀 강했어요.,2025-12-15
R1190,O1190,C240,P064,5,재구매입니다. 복합성인데 자극 없이 잘 썼어요. 광주 사는 송시우입니다. 배송 빨랐어요.,2026-06-04
R1191,O1191,C241,P179,1,다음엔 다른 거 살 것 같아요. 생각보다 끈적여서 아침엔 못 쓰겠어요. 궁금하신 분은 010-6930-9184으로 문자주세요.,2025-11-05
R1192,O1192,C241,P133,4,두 통째 쓰는 중이에요. 물처럼 묽은 제형이라 아침에 쓰기 좋아요.,2025-12-05
R1193,O1193,C241,P160,4,재구매입니다. 촉촉하게 감싸는 제형이라 아침에 쓰기 좋아요.,2025-12-16
R1194,O1194,C241,P046,4,고민하다 샀는데 잘 산 것 같아요. 젤 같은 제형이라 아침에 쓰기 좋아요.,2026-01-02
R1195,O1195,C241,P144,5,고민하다 샀는데 잘 산 것 같아요. 촉촉하게 감싸는 제형이라 아침에 쓰기 좋아요.,2026-05-26
R1196,O1196,C242,P186,5,재구매입니다. 건성인데 자극 없이 잘 썼어요.,2025-08-12
R1197,O1197,C242,P045,5,재구매입니다. 젤 같은 제형이라 아침에 쓰기 좋아요.,2025-12-03
R1198,O1198,C242,P035,4,고민하다 샀는데 잘 산 것 같아요. 향이 세지 않아서 좋아요.,2026-05-24
R1199,O1199,C242,P033,5,두 통째 쓰는 중이에요. 건성인데 자극 없이 잘 썼어요.,2026-07-01
R1200,O1200,C243,P175,4,샘플 써보고 본품 구매했어요. 속건조가 덜하다는 게 느껴져요.,2025-08-17
R1201,O1201,C243,P105,4,친구가 좋다고 해서 샀는데 만족해요. 향이 세지 않아서 좋아요.,2025-11-02
R1202,O1202,C243,P004,5,샘플 써보고 본품 구매했어요. 콜라겐 들어간 거 찾다가 샀는데 만족합니다. 샘플 문의는 seoyeon72@example.com 로 주세요.,2025-12-02
R1203,O1203,C243,P113,5,친구가 좋다고 해서 샀는데 만족해요. 젤 같은 제형이라 아침에 쓰기 좋아요.,2025-12-29
R1204,O1204,C243,P008,3,가격 생각하면 이 정도는 하는 것 같아요. 산뜻한 제형이라 아침에 쓰기 좋아요.,2026-03-02
R1205,O1205,C243,P003,5,고민하다 샀는데 잘 산 것 같아요. 꾸덕한 제형이라 아침에 쓰기 좋아요.,2026-04-28
R1206,O1206,C243,P155,4,고민하다 샀는데 잘 산 것 같아요. 세라마이드 들어간 거 찾다가 샀는데 만족합니다.,2026-06-18
R1207,O1207,C244,P183,4,고민하다 샀는데 잘 산 것 같아요. 향이 세지 않아서 좋아요.,2025-10-01
R1208,O1208,C244,P061,3,나쁘진 않은데 특별하진 않네요. 민감성인데 자극 없이 잘 썼어요. 대구 사는 최유진입니다. 배송 빨랐어요.,2025-11-19
R1209,O1209,C244,P044,2,다음엔 다른 거 살 것 같아요. 용량 대비 가격이 아쉬워요.,2026-06-11
R1210,O1210,C245,P190,5,두 통째 쓰는 중이에요. 어성초 들어간 거 찾다가 샀는데 만족합니다. 카톡 아이디 hayoon28 입니다.,2025-07-28
R1211,O1211,C245,P174,5,재구매입니다. 눈가가 덜 접힌다는 게 느껴져요. 서울 사는 서성현입니다. 배송 빨랐어요.,2025-10-05
R1212,O1212,C245,P095,5,재구매입니다. 얼굴이 한 톤 밝아 보인다는 게 느껴져요.,2026-01-01
R1213,O1213,C245,P154,5,샘플 써보고 본품 구매했어요. 젤 같은 제형이라 아침에 쓰기 좋아요. 카톡 아이디 bomin28 입니다.,2026-01-29
R1214,O1214,C245,P181,4,재구매입니다. 올라오던 게 덜하다는 게 느껴져요.,2026-03-12
R1215,O1215,C245,P179,3,가격 생각하면 이 정도는 하는 것 같아요. 약산성 아미노산 들어간 거 찾다가 샀는데 만족합니다.,2026-03-22
R1216,O1216,C245,P119,5,두 통째 쓰는 중이에요. 향이 세지 않아서 좋아요.,2026-05-23
R1217,O1217,C245,P127,5,두 통째 쓰는 중이에요. 민감성인데 자극 없이 잘 썼어요.,2026-06-27
R1218,O1218,C246,P030,5,샘플 써보고 본품 구매했어요. 병풀 들어간 거 찾다가 샀는데 만족합니다.,2025-08-20
R1219,O1219,C246,P032,4,샘플 써보고 본품 구매했어요. 젤 같은 제형이라 아침에 쓰기 좋아요.,2025-12-13
R1220,O1220,C246,P161,5,두 통째 쓰는 중이에요. 녹차 들어간 거 찾다가 샀는데 만족합니다.,2026-02-13
R1221,O1221,C246,P050,4,"샘플 써보고 본품 구매했어요. 쌀겨 들어간 거 찾다가 샀는데 만족합니다. 신채원이라고 하고요, 매장 직원분이 친절했어요.",2026-03-14
R1222,O1222,C246,P188,5,두 통째 쓰는 중이에요. 향이 세지 않아서 좋아요.,2026-04-25
R1223,O1223,C246,P133,1,저랑은 안 맞았어요. 생각보다 끈적여서 아침엔 못 쓰겠어요.,2026-06-27
R1224,O1224,C247,P159,4,고민하다 샀는데 잘 산 것 같아요. 비타민C 들어간 거 찾다가 샀는데 만족합니다.,2025-07-13
R1225,O1225,C247,P073,5,친구가 좋다고 해서 샀는데 만족해요. 지성인데 자극 없이 잘 썼어요.,2025-10-14
R1226,O1226,C247,P083,5,샘플 써보고 본품 구매했어요. 산뜻한 제형이라 아침에 쓰기 좋아요.,2026-01-02
R1227,O1227,C247,P096,5,고민하다 샀는데 잘 산 것 같아요. 젤 같은 제형이라 아침에 쓰기 좋아요. 정다은님이 추천해줘서 샀어요.,2026-02-19
R1228,O1228,C247,P172,5,고민하다 샀는데 잘 산 것 같아요. 붉은 기가 빨리 가라앉는다는 게 느껴져요.,2026-03-05
R1229,O1229,C247,P189,4,친구가 좋다고 해서 샀는데 만족해요. 비타민C 들어간 거 찾다가 샀는데 만족합니다.,2026-04-23
R1230,O1230,C247,P095,5,친구가 좋다고 해서 샀는데 만족해요. 세라마이드 들어간 거 찾다가 샀는데 만족합니다.,2026-06-01
R1231,O1231,C247,P115,5,샘플 써보고 본품 구매했어요. 지성인데 자극 없이 잘 썼어요.,2026-06-20
R1232,O1232,C248,P158,5,재구매입니다. 복합성인데 자극 없이 잘 썼어요. 재고 문의는 010 1866 3257 로 부탁드려요.,2025-10-13
R1233,O1233,C248,P072,4,두 통째 쓰는 중이에요. 속건조가 덜하다는 게 느껴져요. 조소율 언니가 쓰는 거 보고 따라 샀습니다.,2025-10-27
R1234,O1234,C248,P084,4,샘플 써보고 본품 구매했어요. 향이 세지 않아서 좋아요.,2025-11-06
R1235,O1235,C248,P029,3,가격 생각하면 이 정도는 하는 것 같아요. 겉돌던 게 없어졌다는 게 느껴져요.,2026-01-08
R1236,O1236,C248,P159,5,고민하다 샀는데 잘 산 것 같아요. 젤 같은 제형이라 아침에 쓰기 좋아요.,2026-01-08
R1237,O1237,C248,P184,2,저랑은 안 맞았어요. 용량 대비 가격이 아쉬워요. 공구 원하시면 01018663257 연락주세요.,2026-02-27
R1238,O1238,C248,P002,5,친구가 좋다고 해서 샀는데 만족해요. 나이아신아마이드 들어간 거 찾다가 샀는데 만족합니다.,2026-04-20
R1239,O1239,C249,P109,4,재구매입니다. 향이 세지 않아서 좋아요.,2025-10-17
R1240,O1240,C249,P171,5,친구가 좋다고 해서 샀는데 만족해요. 약산성 아미노산 들어간 거 찾다가 샀는데 만족합니다. 임채원 언니가 쓰는 거 보고 따라 샀습니다.,2025-11-27
R1241,O1241,C249,P152,5,샘플 써보고 본품 구매했어요. 향이 세지 않아서 좋아요. 김수빈 언니가 쓰는 거 보고 따라 샀습니다.,2026-03-06
R1242,O1242,C249,P105,5,친구가 좋다고 해서 샀는데 만족해요. 가볍게 스미는 제형이라 아침에 쓰기 좋아요. 재고 문의는 010 8254 2634 로 부탁드려요.,2026-05-30
R1243,O1243,C250,P048,4,고민하다 샀는데 잘 산 것 같아요. 민감성인데 자극 없이 잘 썼어요.,2025-08-11
R1244,O1244,C250,P182,4,두 통째 쓰는 중이에요. 물처럼 묽은 제형이라 아침에 쓰기 좋아요.,2025-09-28
R1245,O1245,C250,P040,4,고민하다 샀는데 잘 산 것 같아요. 겉돌던 게 없어졌다는 게 느껴져요.,2025-11-05
R1246,O1246,C250,P099,5,친구가 좋다고 해서 샀는데 만족해요. 민감성인데 자극 없이 잘 썼어요.,2025-11-07
R1247,O1247,C250,P170,5,재구매입니다. 향이 세지 않아서 좋아요. 재고 문의는 010 7956 4724 로 부탁드려요.,2026-03-06
R1248,O1248,C250,P161,5,고민하다 샀는데 잘 산 것 같아요. 물처럼 묽은 제형이라 아침에 쓰기 좋아요.,2026-03-26
R1249,O1249,C250,P067,5,고민하다 샀는데 잘 산 것 같아요. 속건조가 덜하다는 게 느껴져요.,2026-06-18
R1250,O1250,C250,P051,4,샘플 써보고 본품 구매했어요. 향이 세지 않아서 좋아요. 재고 문의는 010 7956 4724 로 부탁드려요.,2026-06-27
R1251,O1251,C250,P033,4,친구가 좋다고 해서 샀는데 만족해요. 붉은 기가 빨리 가라앉는다는 게 느껴져요.,2026-07-30
R1252,O1252,C251,P197,2,저랑은 안 맞았어요. 지성이라 그런지 발랐더니 조금 따가웠어요. 궁금하신 분은 010-8662-2406으로 문자주세요.,2025-10-03
R1253,O1253,C251,P044,2,저랑은 안 맞았어요. 향이 저한테는 좀 강했어요. 궁금하신 분은 010-8662-2406으로 문자주세요.,2025-10-19
R1254,O1254,C251,P097,5,고민하다 샀는데 잘 산 것 같아요. 산뜻한 제형이라 아침에 쓰기 좋아요.,2025-11-03
R1255,O1255,C251,P158,5,친구가 좋다고 해서 샀는데 만족해요. 지성인데 자극 없이 잘 썼어요.,2026-02-10
R1256,O1256,C251,P160,4,고민하다 샀는데 잘 산 것 같아요. 지성인데 자극 없이 잘 썼어요.,2026-06-01
R1257,O1257,C251,P185,1,광고를 너무 믿었나 봐요. 향이 저한테는 좀 강했어요.,2026-06-04
R1258,O1258,C251,P038,4,재구매입니다. 눈가가 덜 접힌다는 게 느껴져요.,2026-07-02
R1259,O1259,C251,P099,3,무난해요. 향이 세지 않아서 좋아요.,2026-07-10
R1260,O1260,C252,P058,4,친구가 좋다고 해서 샀는데 만족해요. 향이 세지 않아서 좋아요.,2025-07-31
R1261,O1261,C252,P059,5,재구매입니다. 향이 세지 않아서 좋아요. 재고 문의는 010 2300 4992 로 부탁드려요.,2025-08-02
R1262,O1262,C252,P029,5,친구가 좋다고 해서 샀는데 만족해요. 콜라겐 들어간 거 찾다가 샀는데 만족합니다. 샘플 문의는 jaemin64@example.com 로 주세요.,2026-01-26
R1263,O1263,C252,P040,4,"고민하다 샀는데 잘 산 것 같아요. 촉촉하게 감싸는 제형이라 아침에 쓰기 좋아요. 박재민이라고 하고요, 매장 직원분이 친절했어요.",2026-01-27
R1264,O1264,C252,P156,2,광고를 너무 믿었나 봐요. 생각보다 끈적여서 아침엔 못 쓰겠어요. 저는 박재민인데 벌써 세 번째 재구매예요.,2026-04-11
R1265,O1265,C252,P139,5,고민하다 샀는데 잘 산 것 같아요. 향이 세지 않아서 좋아요.,2026-07-04
R1266,O1266,C253,P091,1,환불 고민 중입니다. 올라오던 게 덜하다는 잘 모르겠어요.,2025-10-31
R1267,O1267,C253,P178,3,가격 생각하면 이 정도는 하는 것 같아요. 복합성인데 자극 없이 잘 썼어요.,2025-11-06
R1268,O1268,C253,P121,5,재구매입니다. 물처럼 묽은 제형이라 아침에 쓰기 좋아요. 서울 사는 정수빈입니다. 배송 빨랐어요.,2025-11-23
R1269,O1269,C253,P016,4,고민하다 샀는데 잘 산 것 같아요. 향이 세지 않아서 좋아요.,2025-11-27
R1270,O1270,C253,P153,4,재구매입니다. 가볍게 스미는 제형이라 아침에 쓰기 좋아요. 서울 상무지구 사는데 근처 매장에도 있더라고요.,2025-11-29
R1271,O1271,C253,P002,1,다음엔 다른 거 살 것 같아요. 용량 대비 가격이 아쉬워요.,2025-12-08
R1272,O1272,C253,P165,5,재구매입니다. 쌀겨 들어간 거 찾다가 샀는데 만족합니다.,2026-03-02
R1273,O1273,C253,P125,5,샘플 써보고 본품 구매했어요. 병풀 들어간 거 찾다가 샀는데 만족합니다. 카톡 아이디 seoyeon66 입니다.,2026-05-12
R1274,O1274,C254,P011,4,친구가 좋다고 해서 샀는데 만족해요. 세라마이드 들어간 거 찾다가 샀는데 만족합니다.,2025-08-15
R1275,O1275,C254,P196,4,두 통째 쓰는 중이에요. 촉촉하게 감싸는 제형이라 아침에 쓰기 좋아요.,2025-10-22
R1276,O1276,C254,P073,5,샘플 써보고 본품 구매했어요. 향이 세지 않아서 좋아요.,2025-12-11
R1277,O1277,C254,P121,2,환불 고민 중입니다. 생각보다 끈적여서 아침엔 못 쓰겠어요. 수원 사는 한소율입니다. 배송 빨랐어요.,2026-01-31
R1278,O1278,C254,P136,5,재구매입니다. 속건조가 덜하다는 게 느껴져요. 수원 복대동 사는데 근처 매장에도 있더라고요.,2026-03-31
R1279,O1279,C255,P196,5,샘플 써보고 본품 구매했어요. 속건조가 덜하다는 게 느껴져요. 샘플 문의는 soyul96@example.com 로 주세요.,2025-08-10
R1280,O1280,C255,P096,4,고민하다 샀는데 잘 산 것 같아요. 촉촉하게 감싸는 제형이라 아침에 쓰기 좋아요.,2026-02-17
R1281,O1281,C255,P037,4,두 통째 쓰는 중이에요. 건성인데 자극 없이 잘 썼어요. 샘플 문의는 soyul96@example.com 로 주세요.,2026-03-24
R1282,O1282,C255,P136,3,기대가 컸나 봐요. 쌀겨 들어간 거 찾다가 샀는데 만족합니다.,2026-04-01
R1283,O1283,C255,P118,5,샘플 써보고 본품 구매했어요. 히알루론산 들어간 거 찾다가 샀는데 만족합니다.,2026-05-18
R1284,O1284,C255,P092,5,두 통째 쓰는 중이에요. 향이 세지 않아서 좋아요. 장상우 언니가 쓰는 거 보고 따라 샀습니다.,2026-06-17
R1285,O1285,C255,P061,4,샘플 써보고 본품 구매했어요. 건성인데 자극 없이 잘 썼어요.,2026-07-03
R1286,O1286,C256,P129,5,고민하다 샀는데 잘 산 것 같아요. 향이 세지 않아서 좋아요.,2025-07-19
R1287,O1287,C256,P072,2,환불 고민 중입니다. 생각보다 끈적여서 아침엔 못 쓰겠어요.,2025-08-01
R1288,O1288,C256,P034,4,친구가 좋다고 해서 샀는데 만족해요. 레티놀 들어간 거 찾다가 샀는데 만족합니다.,2025-10-11
R1289,O1289,C256,P087,5,"두 통째 쓰는 중이에요. 향이 세지 않아서 좋아요. 박예린이라고 하고요, 매장 직원분이 친절했어요.",2025-11-18
R1290,O1290,C256,P121,3,무난해요. 향이 세지 않아서 좋아요.,2026-02-19
R1291,O1291,C256,P002,4,고민하다 샀는데 잘 산 것 같아요. 지성인데 자극 없이 잘 썼어요.,2026-04-02
R1292,O1292,C256,P111,5,샘플 써보고 본품 구매했어요. 나이아신아마이드 들어간 거 찾다가 샀는데 만족합니다.,2026-05-12
R1293,O1293,C256,P075,4,친구가 좋다고 해서 샀는데 만족해요. 프로폴리스 들어간 거 찾다가 샀는데 만족합니다.,2026-07-12
R1294,O1294,C257,P158,5,두 통째 쓰는 중이에요. 얼굴이 한 톤 밝아 보인다는 게 느껴져요. 샘플 문의는 junseo58@example.com 로 주세요.,2025-07-09
R1295,O1295,C257,P084,4,재구매입니다. 속건조가 덜하다는 게 느껴져요.,2025-09-15
R1296,O1296,C257,P052,5,친구가 좋다고 해서 샀는데 만족해요. 복합성인데 자극 없이 잘 썼어요.,2026-02-16
R1297,O1297,C257,P002,4,재구매입니다. 복합성인데 자극 없이 잘 썼어요.,2026-03-28
R1298,O1298,C257,P072,5,두 통째 쓰는 중이에요. 복합성인데 자극 없이 잘 썼어요.,2026-04-09
R1299,O1299,C257,P085,3,무난해요. 향이 세지 않아서 좋아요.,2026-07-19
R1300,O1300,C258,P104,2,다음엔 다른 거 살 것 같아요. 향이 저한테는 좀 강했어요.,2025-07-13
R1301,O1301,C258,P186,5,재구매입니다. 중성인데 자극 없이 잘 썼어요.,2025-08-29
R1302,O1302,C258,P045,4,샘플 써보고 본품 구매했어요. 중성인데 자극 없이 잘 썼어요.,2025-10-16
R1303,O1303,C258,P180,2,환불 고민 중입니다. 생각보다 끈적여서 아침엔 못 쓰겠어요. 재고 문의는 010 7968 3470 로 부탁드려요.,2026-02-17
R1304,O1304,C258,P189,2,저랑은 안 맞았어요. 향이 저한테는 좀 강했어요.,2026-05-15
R1305,O1305,C259,P053,4,샘플 써보고 본품 구매했어요. 향이 세지 않아서 좋아요. 카톡 아이디 hyunwoo80 입니다.,2025-12-29
R1306,O1306,C259,P165,5,샘플 써보고 본품 구매했어요. 향이 세지 않아서 좋아요. 송도현님이 추천해줘서 샀어요.,2026-06-25
R1307,O1307,C260,P092,5,고민하다 샀는데 잘 산 것 같아요. 쌀겨 들어간 거 찾다가 샀는데 만족합니다.,2026-02-01
R1308,O1308,C260,P038,3,가격 생각하면 이 정도는 하는 것 같아요. 향이 세지 않아서 좋아요. 샘플 문의는 jihoon44@example.com 로 주세요.,2026-03-12
R1309,O1309,C260,P076,1,환불 고민 중입니다. 향이 저한테는 좀 강했어요.,2026-03-16
R1310,O1310,C260,P041,5,두 통째 쓰는 중이에요. 향이 세지 않아서 좋아요.,2026-04-12
R1311,O1311,C260,P075,5,샘플 써보고 본품 구매했어요. 프로폴리스 들어간 거 찾다가 샀는데 만족합니다. 수원 구월동 사는데 근처 매장에도 있더라고요.,2026-06-11
R1312,O1312,C261,P125,3,기대가 컸나 봐요. 향이 세지 않아서 좋아요. 저는 윤채원인데 벌써 세 번째 재구매예요.,2025-08-11
R1313,O1313,C261,P183,5,샘플 써보고 본품 구매했어요. 건성인데 자극 없이 잘 썼어요. 황민준님이 추천해줘서 샀어요.,2025-08-30
R1314,O1314,C261,P138,3,무난해요. 건성인데 자극 없이 잘 썼어요. 이예지 언니가 쓰는 거 보고 따라 샀습니다.,2025-10-15
R1315,O1315,C261,P011,4,샘플 써보고 본품 구매했어요. 세라마이드 들어간 거 찾다가 샀는데 만족합니다.,2026-02-02
R1316,O1316,C261,P068,1,다음엔 다른 거 살 것 같아요. 건성이라 그런지 발랐더니 조금 따가웠어요.,2026-02-04
R1317,O1317,C261,P032,5,두 통째 쓰는 중이에요. 향이 세지 않아서 좋아요.,2026-07-23
R1318,O1318,C262,P068,4,재구매입니다. 세라마이드 들어간 거 찾다가 샀는데 만족합니다. 저는 서가은인데 벌써 세 번째 재구매예요.,2026-05-04
R1319,O1319,C262,P021,5,두 통째 쓰는 중이에요. 향이 세지 않아서 좋아요.,2026-06-11
R1320,O1320,C263,P160,1,저랑은 안 맞았어요. 용량 대비 가격이 아쉬워요.,2025-07-19
R1321,O1321,C263,P170,5,샘플 써보고 본품 구매했어요. 복합성인데 자극 없이 잘 썼어요.,2025-08-20
R1322,O1322,C264,P044,3,나쁘진 않은데 특별하진 않네요. 지성인데 자극 없이 잘 썼어요.,2025-09-01
R1323,O1323,C264,P107,5,두 통째 쓰는 중이에요. 결이 정돈된 느낌이 든다는 게 느껴져요. 송정우 언니가 쓰는 거 보고 따라 샀습니다.,2025-10-11
R1324,O1324,C265,P060,4,두 통째 쓰는 중이에요. 꾸덕한 제형이라 아침에 쓰기 좋아요.,2026-05-17
R1325,O1325,C265,P114,4,재구매입니다. 향이 세지 않아서 좋아요.,2026-07-25
R1326,O1326,C266,P051,4,친구가 좋다고 해서 샀는데 만족해요. 녹차 들어간 거 찾다가 샀는데 만족합니다.,2025-08-02
R1327,O1327,C266,P146,2,다음엔 다른 거 살 것 같아요. 생각보다 끈적여서 아침엔 못 쓰겠어요.,2025-08-02
R1328,O1328,C266,P133,3,나쁘진 않은데 특별하진 않네요. 향이 세지 않아서 좋아요.,2025-09-15
R1329,O1329,C266,P179,3,무난해요. 약산성 아미노산 들어간 거 찾다가 샀는데 만족합니다.,2025-10-21
R1330,O1330,C266,P177,3,기대가 컸나 봐요. 겉돌던 게 없어졌다는 게 느껴져요. 수원 둔산동 사는데 근처 매장에도 있더라고요.,2025-12-06
R1331,O1331,C266,P171,4,재구매입니다. 복합성인데 자극 없이 잘 썼어요. 카톡 아이디 taeyoon85 입니다.,2026-05-07
R1332,O1332,C267,P136,5,두 통째 쓰는 중이에요. 산뜻한 제형이라 아침에 쓰기 좋아요.,2025-08-28
R1333,O1333,C267,P044,5,친구가 좋다고 해서 샀는데 만족해요. 탱탱한 느낌이 오래간다는 게 느껴져요.,2026-01-12
R1334,O1334,C267,P015,5,친구가 좋다고 해서 샀는데 만족해요. 물처럼 묽은 제형이라 아침에 쓰기 좋아요.,2026-02-20
R1335,O1335,C267,P160,4,고민하다 샀는데 잘 산 것 같아요. 건성인데 자극 없이 잘 썼어요. 재고 문의는 010 8789 2213 로 부탁드려요.,2026-03-26
R1336,O1336,C267,P089,3,무난해요. 비타민C 들어간 거 찾다가 샀는데 만족합니다.,2026-05-04
R1337,O1337,C267,P174,5,고민하다 샀는데 잘 산 것 같아요. 촉촉하게 감싸는 제형이라 아침에 쓰기 좋아요. 궁금하신 분은 010-8789-2213으로 문자주세요.,2026-06-19
R1338,O1338,C267,P046,3,가격 생각하면 이 정도는 하는 것 같아요. 탱탱한 느낌이 오래간다는 게 느껴져요. 저는 김미연인데 벌써 세 번째 재구매예요.,2026-08-03
R1339,O1339,C268,P038,4,친구가 좋다고 해서 샀는데 만족해요. 물처럼 묽은 제형이라 아침에 쓰기 좋아요. 카톡 아이디 seoyeon54 입니다.,2025-07-31
R1340,O1340,C268,P158,1,저랑은 안 맞았어요. 향이 저한테는 좀 강했어요. 고양 수지구 사는데 근처 매장에도 있더라고요.,2025-10-25
R1341,O1341,C268,P162,4,재구매입니다. 젤 같은 제형이라 아침에 쓰기 좋아요. 윤가은님이 추천해줘서 샀어요.,2026-03-26
R1342,O1342,C268,P169,5,친구가 좋다고 해서 샀는데 만족해요. 복합성인데 자극 없이 잘 썼어요.,2026-04-19
R1343,O1343,C269,P053,3,나쁘진 않은데 특별하진 않네요. 붉은 기가 빨리 가라앉는다는 게 느껴져요.,2025-07-07
R1344,O1344,C269,P165,4,샘플 써보고 본품 구매했어요. 쌀겨 들어간 거 찾다가 샀는데 만족합니다.,2025-07-19
R1345,O1345,C269,P157,5,고민하다 샀는데 잘 산 것 같아요. 민감성인데 자극 없이 잘 썼어요.,2025-08-15
R1346,O1346,C269,P097,1,저랑은 안 맞았어요. 민감성이라 그런지 발랐더니 조금 따가웠어요.,2026-01-08
R1347,O1347,C269,P001,5,재구매입니다. 산뜻한 제형이라 아침에 쓰기 좋아요.,2026-07-14
R1348,O1348,C270,P168,4,친구가 좋다고 해서 샀는데 만족해요. 물처럼 묽은 제형이라 아침에 쓰기 좋아요. 김도현님이 추천해줘서 샀어요.,2025-07-23
R1349,O1349,C270,P078,3,나쁘진 않은데 특별하진 않네요. 향이 세지 않아서 좋아요.,2025-09-06
R1350,O1350,C270,P091,2,다음엔 다른 거 살 것 같아요. 생각보다 끈적여서 아침엔 못 쓰겠어요.,2026-02-22
R1351,O1351,C270,P119,5,샘플 써보고 본품 구매했어요. 복합성인데 자극 없이 잘 썼어요.,2026-05-28
R1352,O1352,C271,P191,1,광고를 너무 믿었나 봐요. 용량 대비 가격이 아쉬워요.,2025-08-14
R1353,O1353,C271,P104,4,고민하다 샀는데 잘 산 것 같아요. 향이 세지 않아서 좋아요.,2025-11-08
R1354,O1354,C271,P071,3,무난해요. 약산성 아미노산 들어간 거 찾다가 샀는데 만족합니다.,2026-01-07
R1355,O1355,C271,P153,1,광고를 너무 믿었나 봐요. 향이 저한테는 좀 강했어요.,2026-02-11
R1356,O1356,C271,P043,5,두 통째 쓰는 중이에요. 탱탱한 느낌이 오래간다는 게 느껴져요.,2026-03-01
R1357,O1357,C271,P167,2,저랑은 안 맞았어요. 올라오던 게 덜하다는 잘 모르겠어요.,2026-03-28
R1358,O1358,C271,P008,3,나쁘진 않은데 특별하진 않네요. 결이 정돈된 느낌이 든다는 게 느껴져요.,2026-08-06
R1359,O1359,C272,P099,4,고민하다 샀는데 잘 산 것 같아요. 향이 세지 않아서 좋아요. 공구 원하시면 01030946172 연락주세요.,2025-10-04
R1360,O1360,C272,P166,5,재구매입니다. 산뜻한 제형이라 아침에 쓰기 좋아요. 궁금하신 분은 010-3094-6172으로 문자주세요.,2026-03-21
R1361,O1361,C272,P041,5,고민하다 샀는데 잘 산 것 같아요. 녹차 들어간 거 찾다가 샀는데 만족합니다.,2026-04-25
R1362,O1362,C273,P145,5,샘플 써보고 본품 구매했어요. 비타민C 들어간 거 찾다가 샀는데 만족합니다.,2025-08-29
R1363,O1363,C273,P192,4,샘플 써보고 본품 구매했어요. 복합성인데 자극 없이 잘 썼어요.,2025-10-15
R1364,O1364,C273,P010,2,광고를 너무 믿었나 봐요. 용량 대비 가격이 아쉬워요.,2025-11-28
R1365,O1365,C273,P099,4,재구매입니다. 프로폴리스 들어간 거 찾다가 샀는데 만족합니다. 저는 조다은인데 벌써 세 번째 재구매예요.,2026-05-01
R1366,O1366,C273,P013,3,기대가 컸나 봐요. 비타민C 들어간 거 찾다가 샀는데 만족합니다.,2026-05-26
R1367,O1367,C273,P165,3,무난해요. 쌀겨 들어간 거 찾다가 샀는데 만족합니다. 공구 원하시면 01059329408 연락주세요.,2026-07-01
R1368,O1368,C274,P025,5,두 통째 쓰는 중이에요. 나이아신아마이드 들어간 거 찾다가 샀는데 만족합니다.,2025-07-07
R1369,O1369,C274,P127,5,친구가 좋다고 해서 샀는데 만족해요. 어성초 들어간 거 찾다가 샀는데 만족합니다. 재고 문의는 010 3191 6405 로 부탁드려요.,2025-07-27
R1370,O1370,C274,P144,5,재구매입니다. 물처럼 묽은 제형이라 아침에 쓰기 좋아요.,2025-09-30
R1371,O1371,C274,P036,5,고민하다 샀는데 잘 산 것 같아요. 가볍게 스미는 제형이라 아침에 쓰기 좋아요. 샘플 문의는 eunsu3@example.com 로 주세요.,2025-10-04
R1372,O1372,C274,P117,5,두 통째 쓰는 중이에요. 향이 세지 않아서 좋아요. 임지은님이 추천해줘서 샀어요.,2026-02-06
R1373,O1373,C274,P188,3,무난해요. 히알루론산 들어간 거 찾다가 샀는데 만족합니다. 윤미연님이 추천해줘서 샀어요.,2026-03-17
R1374,O1374,C274,P068,1,광고를 너무 믿었나 봐요. 향이 저한테는 좀 강했어요.,2026-03-23
R1375,O1375,C274,P044,3,무난해요. 탱탱한 느낌이 오래간다는 게 느껴져요. 공구 원하시면 01031916405 연락주세요.,2026-04-12
R1376,O1376,C275,P135,4,고민하다 샀는데 잘 산 것 같아요. 향이 세지 않아서 좋아요.,2026-02-12
R1377,O1377,C275,P143,3,가격 생각하면 이 정도는 하는 것 같아요. 물처럼 묽은 제형이라 아침에 쓰기 좋아요.,2026-02-20
R1378,O1378,C275,P192,4,친구가 좋다고 해서 샀는데 만족해요. 속건조가 덜하다는 게 느껴져요.,2026-03-28
R1379,O1379,C275,P145,5,고민하다 샀는데 잘 산 것 같아요. 향이 세지 않아서 좋아요. 공구 원하시면 01025902527 연락주세요.,2026-05-30
R1380,O1380,C275,P039,4,친구가 좋다고 해서 샀는데 만족해요. 촉촉하게 감싸는 제형이라 아침에 쓰기 좋아요.,2026-06-03
R1381,O1381,C276,P183,5,두 통째 쓰는 중이에요. 건성인데 자극 없이 잘 썼어요.,2025-10-22
R1382,O1382,C276,P008,5,두 통째 쓰는 중이에요. 향이 세지 않아서 좋아요. 공구 원하시면 01047626260 연락주세요.,2025-11-14
R1383,O1383,C276,P115,2,다음엔 다른 거 살 것 같아요. 생각보다 끈적여서 아침엔 못 쓰겠어요. 안지은님이 추천해줘서 샀어요.,2026-06-15
R1384,O1384,C276,P082,5,두 통째 쓰는 중이에요. 물처럼 묽은 제형이라 아침에 쓰기 좋아요.,2026-07-22
R1385,O1385,C277,P194,3,가격 생각하면 이 정도는 하는 것 같아요. 녹차 들어간 거 찾다가 샀는데 만족합니다.,2025-08-07
R1386,O1386,C277,P176,3,나쁘진 않은데 특별하진 않네요. 산뜻한 제형이라 아침에 쓰기 좋아요. 공구 원하시면 01012292609 연락주세요.,2025-11-13
R1387,O1387,C277,P115,5,고민하다 샀는데 잘 산 것 같아요. 올라오던 게 덜하다는 게 느껴져요.,2025-11-19
R1388,O1388,C277,P057,5,두 통째 쓰는 중이에요. 중성인데 자극 없이 잘 썼어요. 샘플 문의는 donghyun74@example.com 로 주세요.,2025-12-23
R1389,O1389,C277,P107,1,광고를 너무 믿었나 봐요. 용량 대비 가격이 아쉬워요. 윤준서 언니가 쓰는 거 보고 따라 샀습니다.,2026-04-03
R1390,O1390,C277,P139,3,가격 생각하면 이 정도는 하는 것 같아요. 물처럼 묽은 제형이라 아침에 쓰기 좋아요.,2026-04-14
R1391,O1391,C277,P140,5,두 통째 쓰는 중이에요. 중성인데 자극 없이 잘 썼어요.,2026-07-13
R1392,O1392,C277,P126,4,고민하다 샀는데 잘 산 것 같아요. 젤 같은 제형이라 아침에 쓰기 좋아요.,2026-07-15
R1393,O1393,C278,P058,5,두 통째 쓰는 중이에요. 눈가가 덜 접힌다는 게 느껴져요. 카톡 아이디 daeun18 입니다.,2026-02-17
R1394,O1394,C278,P147,5,재구매입니다. 올라오던 게 덜하다는 게 느껴져요.,2026-03-10
R1395,O1395,C278,P090,3,무난해요. 콜라겐 들어간 거 찾다가 샀는데 만족합니다.,2026-05-26
R1396,O1396,C278,P055,2,광고를 너무 믿었나 봐요. 얼굴이 한 톤 밝아 보인다는 잘 모르겠어요.,2026-06-23
R1397,O1397,C278,P013,5,샘플 써보고 본품 구매했어요. 비타민C 들어간 거 찾다가 샀는데 만족합니다.,2026-07-14
R1398,O1398,C279,P006,5,재구매입니다. 판테놀 들어간 거 찾다가 샀는데 만족합니다.,2025-09-02
R1399,O1399,C279,P173,3,나쁘진 않은데 특별하진 않네요. 건성인데 자극 없이 잘 썼어요.,2025-10-03
R1400,O1400,C279,P187,3,가격 생각하면 이 정도는 하는 것 같아요. 향이 세지 않아서 좋아요.,2026-02-04
R1401,O1401,C279,P186,4,고민하다 샀는데 잘 산 것 같아요. 나이아신아마이드 들어간 거 찾다가 샀는데 만족합니다.,2026-03-09
R1402,O1402,C279,P081,5,친구가 좋다고 해서 샀는데 만족해요. 탱탱한 느낌이 오래간다는 게 느껴져요.,2026-04-12
R1403,O1403,C279,P031,4,재구매입니다. 건성인데 자극 없이 잘 썼어요. 카톡 아이디 soyul43 입니다.,2026-06-24
R1404,O1404,C280,P043,5,친구가 좋다고 해서 샀는데 만족해요. 탱탱한 느낌이 오래간다는 게 느껴져요.,2025-09-19
R1405,O1405,C280,P116,5,샘플 써보고 본품 구매했어요. 올라오던 게 덜하다는 게 느껴져요.,2026-01-26
R1406,O1406,C280,P164,5,"두 통째 쓰는 중이에요. 프로폴리스 들어간 거 찾다가 샀는데 만족합니다. 박채원이라고 하고요, 매장 직원분이 친절했어요.",2026-01-27
R1407,O1407,C280,P024,5,친구가 좋다고 해서 샀는데 만족해요. 레티놀 들어간 거 찾다가 샀는데 만족합니다.,2026-01-30
R1408,O1408,C280,P062,5,고민하다 샀는데 잘 산 것 같아요. 젤 같은 제형이라 아침에 쓰기 좋아요.,2026-02-14
R1409,O1409,C280,P008,3,무난해요. 결이 정돈된 느낌이 든다는 게 느껴져요. 고양 사는 박채원입니다. 배송 빨랐어요.,2026-02-26
R1410,O1410,C280,P032,4,친구가 좋다고 해서 샀는데 만족해요. 세라마이드 들어간 거 찾다가 샀는데 만족합니다.,2026-04-26
R1411,O1411,C280,P128,5,샘플 써보고 본품 구매했어요. 속건조가 덜하다는 게 느껴져요.,2026-06-11
R1412,O1412,C281,P001,3,나쁘진 않은데 특별하진 않네요. 중성인데 자극 없이 잘 썼어요.,2025-09-28
R1413,O1413,C281,P047,4,친구가 좋다고 해서 샀는데 만족해요. 젤 같은 제형이라 아침에 쓰기 좋아요.,2025-10-15
R1414,O1414,C281,P163,5,재구매입니다. 물처럼 묽은 제형이라 아침에 쓰기 좋아요.,2025-10-22
R1415,O1415,C281,P112,4,샘플 써보고 본품 구매했어요. 결이 정돈된 느낌이 든다는 게 느껴져요. 카톡 아이디 hyewon40 입니다.,2026-02-09
R1416,O1416,C281,P103,4,두 통째 쓰는 중이에요. 가볍게 스미는 제형이라 아침에 쓰기 좋아요.,2026-04-30
R1417,O1417,C282,P125,5,두 통째 쓰는 중이에요. 향이 세지 않아서 좋아요.,2025-07-16
R1418,O1418,C282,P099,5,두 통째 쓰는 중이에요. 결이 정돈된 느낌이 든다는 게 느껴져요.,2025-07-22
R1419,O1419,C282,P103,2,저랑은 안 맞았어요. 생각보다 끈적여서 아침엔 못 쓰겠어요. 샘플 문의는 naeun33@example.com 로 주세요.,2025-09-17
R1420,O1420,C282,P163,4,재구매입니다. 비타민C 들어간 거 찾다가 샀는데 만족합니다.,2026-02-17
R1421,O1421,C283,P103,4,두 통째 쓰는 중이에요. 중성인데 자극 없이 잘 썼어요. 카톡 아이디 siwoo90 입니다.,2025-08-15
R1422,O1422,C283,P178,1,저랑은 안 맞았어요. 용량 대비 가격이 아쉬워요.,2025-09-15
R1423,O1423,C283,P099,5,두 통째 쓰는 중이에요. 결이 정돈된 느낌이 든다는 게 느껴져요.,2025-11-29
R1424,O1424,C284,P166,4,재구매입니다. 향이 세지 않아서 좋아요. 샘플 문의는 seoyeon21@example.com 로 주세요.,2025-10-26
R1425,O1425,C284,P040,3,무난해요. 향이 세지 않아서 좋아요.,2025-11-07
R1426,O1426,C284,P126,4,샘플 써보고 본품 구매했어요. 향이 세지 않아서 좋아요.,2026-07-01
R1427,O1427,C285,P053,5,고민하다 샀는데 잘 산 것 같아요. 향이 세지 않아서 좋아요. 광주 영통동 사는데 근처 매장에도 있더라고요.,2025-08-24
R1428,O1428,C285,P067,3,무난해요. 속건조가 덜하다는 게 느껴져요.,2026-01-31
R1429,O1429,C286,P143,4,샘플 써보고 본품 구매했어요. 프로폴리스 들어간 거 찾다가 샀는데 만족합니다.,2025-10-16
R1430,O1430,C286,P018,2,광고를 너무 믿었나 봐요. 용량 대비 가격이 아쉬워요.,2025-12-29
R1431,O1431,C286,P040,3,나쁘진 않은데 특별하진 않네요. 지성인데 자극 없이 잘 썼어요.,2026-07-30
R1432,O1432,C287,P033,3,가격 생각하면 이 정도는 하는 것 같아요. 중성인데 자극 없이 잘 썼어요.,2025-11-17
R1433,O1433,C287,P047,4,재구매입니다. 향이 세지 않아서 좋아요. 대전 사는 서서연입니다. 배송 빨랐어요.,2026-02-05
R1434,O1434,C287,P068,2,다음엔 다른 거 살 것 같아요. 향이 저한테는 좀 강했어요.,2026-04-03
R1435,O1435,C288,P165,5,친구가 좋다고 해서 샀는데 만족해요. 지성인데 자극 없이 잘 썼어요. 한가은 언니가 쓰는 거 보고 따라 샀습니다.,2025-10-09
R1436,O1436,C288,P175,5,재구매입니다. 쌀겨 들어간 거 찾다가 샀는데 만족합니다. 공구 원하시면 01091373444 연락주세요.,2025-12-28
R1437,O1437,C288,P116,5,친구가 좋다고 해서 샀는데 만족해요. 올라오던 게 덜하다는 게 느껴져요.,2026-02-20
R1438,O1438,C288,P017,2,환불 고민 중입니다. 지성이라 그런지 발랐더니 조금 따가웠어요. 샘플 문의는 yerin39@example.com 로 주세요.,2026-05-07
R1439,O1439,C288,P018,4,고민하다 샀는데 잘 산 것 같아요. 탱탱한 느낌이 오래간다는 게 느껴져요. 공구 원하시면 01091373444 연락주세요.,2026-06-28
R1440,O1440,C289,P168,4,재구매입니다. 지성인데 자극 없이 잘 썼어요. 저는 임나은인데 벌써 세 번째 재구매예요.,2025-09-04
R1441,O1441,C289,P178,4,친구가 좋다고 해서 샀는데 만족해요. 병풀 들어간 거 찾다가 샀는데 만족합니다.,2025-10-06
R1442,O1442,C289,P172,4,고민하다 샀는데 잘 산 것 같아요. 붉은 기가 빨리 가라앉는다는 게 느껴져요. 공구 원하시면 01037742128 연락주세요.,2025-10-08
R1443,O1443,C289,P023,5,친구가 좋다고 해서 샀는데 만족해요. 눈가가 덜 접힌다는 게 느껴져요.,2025-10-25
R1444,O1444,C289,P021,4,샘플 써보고 본품 구매했어요. 세라마이드 들어간 거 찾다가 샀는데 만족합니다.,2026-04-27
R1445,O1445,C289,P143,2,환불 고민 중입니다. 지성이라 그런지 발랐더니 조금 따가웠어요.,2026-07-26
R1446,O1446,C290,P009,2,환불 고민 중입니다. 속건조가 덜하다는 잘 모르겠어요.,2025-08-26
R1447,O1447,C290,P038,5,친구가 좋다고 해서 샀는데 만족해요. 젤 같은 제형이라 아침에 쓰기 좋아요.,2025-10-26
R1448,O1448,C290,P158,5,샘플 써보고 본품 구매했어요. 촉촉하게 감싸는 제형이라 아침에 쓰기 좋아요. 정시우 언니가 쓰는 거 보고 따라 샀습니다.,2025-11-21
R1449,O1449,C291,P094,3,가격 생각하면 이 정도는 하는 것 같아요. 지성인데 자극 없이 잘 썼어요.,2025-09-23
R1450,O1450,C291,P072,3,기대가 컸나 봐요. 지성인데 자극 없이 잘 썼어요.,2026-03-23
R1451,O1451,C291,P109,4,친구가 좋다고 해서 샀는데 만족해요. 향이 세지 않아서 좋아요. 용인 사는 황다은입니다. 배송 빨랐어요.,2026-04-04
R1452,O1452,C291,P171,5,샘플 써보고 본품 구매했어요. 향이 세지 않아서 좋아요. 궁금하신 분은 010-2809-6158으로 문자주세요.,2026-05-16
R1453,O1453,C292,P007,4,두 통째 쓰는 중이에요. 결이 정돈된 느낌이 든다는 게 느껴져요. 저는 권하윤인데 벌써 세 번째 재구매예요.,2025-08-02
R1454,O1454,C292,P068,4,고민하다 샀는데 잘 산 것 같아요. 향이 세지 않아서 좋아요.,2025-09-22
R1455,O1455,C292,P124,3,가격 생각하면 이 정도는 하는 것 같아요. 꾸덕한 제형이라 아침에 쓰기 좋아요.,2025-12-03
R1456,O1456,C292,P055,5,두 통째 쓰는 중이에요. 얼굴이 한 톤 밝아 보인다는 게 느껴져요.,2026-01-28
R1457,O1457,C292,P043,5,샘플 써보고 본품 구매했어요. 탱탱한 느낌이 오래간다는 게 느껴져요.,2026-03-26
R1458,O1458,C293,P024,5,재구매입니다. 촉촉하게 감싸는 제형이라 아침에 쓰기 좋아요.,2025-07-27
R1459,O1459,C293,P179,5,샘플 써보고 본품 구매했어요. 결이 정돈된 느낌이 든다는 게 느껴져요.,2026-06-07
R1460,O1460,C293,P170,4,재구매입니다. 향이 세지 않아서 좋아요.,2026-06-15
R1461,O1461,C293,P156,2,"저랑은 안 맞았어요. 복합성이라 그런지 발랐더니 조금 따가웠어요. 송정우이라고 하고요, 매장 직원분이 친절했어요.",2026-06-19
R1462,O1462,C294,P130,4,친구가 좋다고 해서 샀는데 만족해요. 콜라겐 들어간 거 찾다가 샀는데 만족합니다.,2025-11-07
R1463,O1463,C294,P142,4,샘플 써보고 본품 구매했어요. 어성초 들어간 거 찾다가 샀는데 만족합니다.,2025-11-18
R1464,O1464,C294,P183,1,저랑은 안 맞았어요. 향이 저한테는 좀 강했어요. 저는 장하윤인데 벌써 세 번째 재구매예요.,2026-04-06
R1465,O1465,C294,P007,5,샘플 써보고 본품 구매했어요. 향이 세지 않아서 좋아요.,2026-06-01
R1466,O1466,C295,P152,3,가격 생각하면 이 정도는 하는 것 같아요. 붉은 기가 빨리 가라앉는다는 게 느껴져요. 권예지 언니가 쓰는 거 보고 따라 샀습니다.,2025-07-18
R1467,O1467,C295,P085,2,환불 고민 중입니다. 건성이라 그런지 발랐더니 조금 따가웠어요. 정시우 언니가 쓰는 거 보고 따라 샀습니다.,2025-08-05
R1468,O1468,C295,P196,5,친구가 좋다고 해서 샀는데 만족해요. 향이 세지 않아서 좋아요. 재고 문의는 010 4525 1509 로 부탁드려요.,2026-03-13
R1469,O1469,C295,P094,4,고민하다 샀는데 잘 산 것 같아요. 건성인데 자극 없이 잘 썼어요.,2026-05-27
R1470,O1470,C295,P072,3,가격 생각하면 이 정도는 하는 것 같아요. 판테놀 들어간 거 찾다가 샀는데 만족합니다.,2026-07-11
R1471,O1471,C296,P035,3,기대가 컸나 봐요. 복합성인데 자극 없이 잘 썼어요.,2025-07-21
R1472,O1472,C296,P122,4,친구가 좋다고 해서 샀는데 만족해요. 향이 세지 않아서 좋아요. 재고 문의는 010 6042 5931 로 부탁드려요.,2026-01-03
R1473,O1473,C296,P198,4,재구매입니다. 속건조가 덜하다는 게 느껴져요.,2026-01-15
R1474,O1474,C296,P080,4,고민하다 샀는데 잘 산 것 같아요. 향이 세지 않아서 좋아요.,2026-03-07
R1475,O1475,C296,P056,4,고민하다 샀는데 잘 산 것 같아요. 복합성인데 자극 없이 잘 썼어요. 공구 원하시면 01060425931 연락주세요.,2026-06-19
R1476,O1476,C297,P030,2,환불 고민 중입니다. 지성이라 그런지 발랐더니 조금 따가웠어요. 카톡 아이디 jungwoo51 입니다.,2025-10-08
R1477,O1477,C297,P054,5,샘플 써보고 본품 구매했어요. 꾸덕한 제형이라 아침에 쓰기 좋아요.,2025-10-08
R1478,O1478,C297,P103,4,샘플 써보고 본품 구매했어요. 지성인데 자극 없이 잘 썼어요. 저는 오수빈인데 벌써 세 번째 재구매예요.,2025-11-27
R1479,O1479,C297,P177,5,고민하다 샀는데 잘 산 것 같아요. 산뜻한 제형이라 아침에 쓰기 좋아요.,2025-12-06
R1480,O1480,C297,P061,5,고민하다 샀는데 잘 산 것 같아요. 가볍게 스미는 제형이라 아침에 쓰기 좋아요.,2026-01-24
R1481,O1481,C297,P123,4,고민하다 샀는데 잘 산 것 같아요. 지성인데 자극 없이 잘 썼어요.,2026-03-22
R1482,O1482,C297,P105,3,나쁘진 않은데 특별하진 않네요. 물처럼 묽은 제형이라 아침에 쓰기 좋아요.,2026-04-22
R1483,O1483,C297,P184,1,광고를 너무 믿었나 봐요. 용량 대비 가격이 아쉬워요.,2026-06-10
R1484,O1484,C298,P189,4,재구매입니다. 속건조가 덜하다는 게 느껴져요.,2025-07-16
R1485,O1485,C298,P035,3,기대가 컸나 봐요. 향이 세지 않아서 좋아요.,2025-07-16
R1486,O1486,C298,P058,4,샘플 써보고 본품 구매했어요. 촉촉하게 감싸는 제형이라 아침에 쓰기 좋아요.,2025-07-26
R1487,O1487,C298,P061,3,무난해요. 건성인데 자극 없이 잘 썼어요.,2026-03-03
R1488,O1488,C298,P064,4,재구매입니다. 향이 세지 않아서 좋아요.,2026-04-09
R1489,O1489,C298,P087,2,광고를 너무 믿었나 봐요. 건성이라 그런지 발랐더니 조금 따가웠어요.,2026-04-24
R1490,O1490,C298,P160,3,나쁘진 않은데 특별하진 않네요. 향이 세지 않아서 좋아요.,2026-04-30
R1491,O1491,C299,P075,5,고민하다 샀는데 잘 산 것 같아요. 지성인데 자극 없이 잘 썼어요.,2025-08-22
R1492,O1492,C299,P043,4,두 통째 쓰는 중이에요. 촉촉하게 감싸는 제형이라 아침에 쓰기 좋아요.,2025-10-09
R1493,O1493,C299,P185,5,샘플 써보고 본품 구매했어요. 올라오던 게 덜하다는 게 느껴져요. 권성현 언니가 쓰는 거 보고 따라 샀습니다.,2025-11-05
R1494,O1494,C299,P003,5,샘플 써보고 본품 구매했어요. 지성인데 자극 없이 잘 썼어요.,2025-11-24
R1495,O1495,C299,P134,5,친구가 좋다고 해서 샀는데 만족해요. 지성인데 자극 없이 잘 썼어요. 저는 윤예린인데 벌써 세 번째 재구매예요.,2026-02-03
R1496,O1496,C299,P139,5,친구가 좋다고 해서 샀는데 만족해요. 겉돌던 게 없어졌다는 게 느껴져요.,2026-03-24
R1497,O1497,C299,P158,5,샘플 써보고 본품 구매했어요. 어성초 들어간 거 찾다가 샀는데 만족합니다.,2026-05-17
R1498,O1498,C300,P005,5,샘플 써보고 본품 구매했어요. 결이 정돈된 느낌이 든다는 게 느껴져요. 조예린 언니가 쓰는 거 보고 따라 샀습니다.,2025-07-22
R1499,O1499,C300,P086,5,재구매입니다. 탱탱한 느낌이 오래간다는 게 느껴져요. 궁금하신 분은 010-9899-1341으로 문자주세요.,2026-01-28
R1500,O1500,C300,P134,4,고민하다 샀는데 잘 산 것 같아요. 히알루론산 들어간 거 찾다가 샀는데 만족합니다. 재고 문의는 010 9899 1341 로 부탁드려요.,2026-07-21
